"dis_loss_real","dis_acc_real","dis_loss_fake","dis_acc_fake","gen_gan_loss","gen_gan_acc"
"0.4692193269729614","0.875","0.739973247051239","0.0625","0.6920782923698425","0.0"
"0.6385732889175415","0.2708333432674408","0.7585258483886719","0.0625","0.6919148564338684","0.0"
"0.4540267288684845","0.875","0.7593101859092712","0.0625","0.6915992498397827","0.0"
"0.4532696604728699","0.875","0.7514541745185852","0.0625","0.6921132206916809","0.0"
"0.3824840784072876","0.9375","0.7525919675827026","0.0625","0.6903834939002991","0.0"
"0.4006328582763672","0.9375","0.7216147184371948","0.0625","0.6925020813941956","0.0"
"0.39788973331451416","0.9375","0.734991192817688","0.0625","0.691490888595581","0.0"
"0.4434511065483093","0.8125","0.7211540937423706","0.0625","0.6951909065246582","0.0"
"0.4416038393974304","0.875","0.7242424488067627","0.0625","0.6942638754844666","0.0"
"0.3578570485115051","0.9375","0.7094428539276123","0.0625","0.6955039501190186","0.0"
"0.3645455539226532","0.9375","0.8234467506408691","0.0625","0.6988258361816406","0.0"
"0.5844011902809143","0.2916666567325592","0.8363267183303833","0.0625","0.7004632949829102","0.0"
"0.3795906901359558","0.9375","0.7052565813064575","0.0625","0.7025903463363647","0.0"
"0.2856139838695526","0.9375","0.7137774229049683","0.0625","0.7017196416854858","0.0"
"0.38070303201675415","0.9375","0.6974451541900635","0.0625","0.7058664560317993","0.0"
"0.2990989685058594","0.9375","0.731827974319458","0.0625","0.7134597301483154","0.0"
"0.3024369180202484","0.9375","0.7159432172775269","0.0625","0.713813304901123","0.0"
"0.31908249855041504","0.9375","0.7986739873886108","0.0625","0.7180585861206055","0.0"
"0.2899235785007477","0.9375","0.7163519859313965","0.0625","0.722968578338623","0.0"
"0.3543001413345337","0.9375","0.6951690316200256","0.0625","0.7273389101028442","0.0"
"0.3913428783416748","0.875","0.7184774279594421","0.0625","0.7272706627845764","0.0"
"0.5552406907081604","0.2916666567325592","0.6379000544548035","0.0625","0.7367279529571533","0.0"
"0.3260561227798462","0.9375","0.6905521154403687","0.0625","0.7305269241333008","0.0"
"0.31089475750923157","0.9375","0.6818318367004395","0.0625","0.746442973613739","0.0"
"0.2557770013809204","0.9375","0.6733160614967346","0.0625","0.7454646825790405","0.0"
"0.26065728068351746","0.9375","0.6830551624298096","0.0625","0.7543994188308716","0.0"
"0.2644622325897217","0.9375","0.6875179409980774","0.0625","0.7772679328918457","0.0"
"0.2884596288204193","0.9375","0.6816156506538391","0.0625","0.7697687745094299","0.0"
"0.2853314280509949","0.9375","0.6727517247200012","0.0625","0.7837904691696167","0.0"
"0.2825600504875183","0.875","0.7437528371810913","0.0625","0.7927234172821045","0.0"
"0.24932822585105896","0.9375","0.808973491191864","0.0625","0.8028117418289185","0.0"
"0.4903319180011749","0.3125","0.7773836851119995","0.0625","0.8190468549728394","0.0"
"0.21875232458114624","0.9375","0.6446677446365356","0.0625","0.8288412690162659","0.0"
"0.2514241337776184","0.9375","0.6678482890129089","0.0625","0.8393715620040894","0.0"
"0.20281434059143066","0.9375","0.7294390797615051","0.0625","0.8794887065887451","0.0"
"0.2946960926055908","0.9375","0.6615396738052368","0.0625","0.8583142757415771","0.0"
"0.2619082033634186","0.9375","0.6399281620979309","0.0625","0.8724632859230042","0.0"
"0.3212363123893738","0.875","0.7540984153747559","0.0625","0.8604228496551514","0.0"
"0.27342599630355835","0.9375","0.6356574296951294","0.0625","0.9009767174720764","0.0"
"0.26225823163986206","0.9375","0.640519380569458","0.0625","0.8775826096534729","0.0"
"0.21619001030921936","0.9375","0.6323835849761963","0.0625","0.9281964302062988","0.0"
"0.4684549868106842","0.3125","0.7359247207641602","0.0625","0.9403764009475708","0.0"
"0.2041279375553131","0.9375","0.5913366675376892","0.0625","0.9722225666046143","0.0"
"0.24099698662757874","0.9375","0.6082031726837158","0.0625","0.9656462669372559","0.0"
"0.2517094612121582","0.875","0.6698718070983887","0.0625","0.9885456562042236","0.0"
"0.2262694239616394","0.9375","0.5727150440216064","0.0625","0.9654825925827026","0.0"
"0.21305051445960999","0.9375","0.6212069988250732","0.0625","1.0236247777938843","0.0"
"0.19204378128051758","0.9375","0.5593648552894592","0.0625","1.0281671285629272","0.0"
"0.25319817662239075","0.875","0.5741548538208008","0.0625","1.0442519187927246","0.0"
"0.25289541482925415","0.9375","0.613449215888977","0.0625","1.0837725400924683","0.0"
"0.24366797506809235","0.875","0.5445613265037537","0.0625","1.0383796691894531","0.0"
"0.4182240068912506","0.3125","0.5456054210662842","0.0625","1.104261875152588","0.0"
"0.21099796891212463","0.9375","0.615088939666748","0.0625","1.08974027633667","0.0"
"0.18404008448123932","0.9375","0.5922842025756836","0.0625","1.1190412044525146","0.0"
"0.21189701557159424","0.9375","0.578666090965271","0.0625","1.1633377075195312","0.0"
"0.1312156468629837","0.9375","0.665287971496582","0.0625","1.1997168064117432","0.0"
"0.14170151948928833","0.9375","0.5587195158004761","0.0625","1.1790462732315063","0.0"
"0.20130904018878937","0.9375","0.5468813180923462","0.0625","1.2292441129684448","0.0"
"0.14596454799175262","0.9375","0.5287638902664185","0.0625","1.2490884065628052","0.0"
"0.19764813780784607","0.9375","0.576696515083313","0.0625","1.316230297088623","0.0"
"0.1870158314704895","0.9375","0.5676647424697876","0.0625","1.3382186889648438","0.0"
"0.38184666633605957","0.3125","0.6072091460227966","0.0625","1.4207907915115356","0.0"
"0.2075919210910797","0.9375","0.5405901670455933","0.0625","1.3938486576080322","0.0"
"0.19807177782058716","0.9375","0.4977404475212097","0.0625","1.3281056880950928","0.0"
"0.18695290386676788","0.875","0.5614252090454102","0.0625","1.4240262508392334","0.0"
"0.10639561712741852","0.9375","0.5355647802352905","0.0625","1.47683846950531","0.0"
"0.1681775152683258","0.9375","0.5454593896865845","0.0625","1.48546302318573","0.0"
"0.16649901866912842","0.9375","0.4846179187297821","0.0625","1.5133610963821411","0.0"
"0.20554225146770477","0.9375","0.6058945655822754","0.0625","1.540046215057373","0.0"
"0.16407907009124756","0.9375","0.5475119352340698","0.0625","1.536064624786377","0.0"
"0.1370152235031128","0.9375","0.4921647608280182","0.0625","1.560285210609436","0.0"
"0.4234672486782074","0.2708333432674408","0.5821579694747925","0.0625","1.5739073753356934","0.0"
"0.13762152194976807","0.9375","0.5198242664337158","0.0625","1.693455696105957","0.0"
"0.15546655654907227","0.9375","0.5373433232307434","0.0625","1.6997931003570557","0.0"
"0.18227121233940125","0.875","0.5132064819335938","0.0625","1.6850285530090332","0.0"
"0.1841038465499878","0.9375","0.4914809465408325","0.0625","1.7956700325012207","0.0"
"0.21769902110099792","0.875","0.5386187434196472","0.0625","1.6676502227783203","0.0"
"0.14008450508117676","0.9375","0.5721803903579712","0.0625","1.70387864112854","0.0"
"0.14997240900993347","0.875","0.4669879674911499","0.0625","1.867763638496399","0.0"
"0.12486635148525238","0.9375","0.5148313045501709","0.0625","1.8220053911209106","0.0"
"0.1625560224056244","0.9375","0.50177001953125","0.0625","1.9257925748825073","0.0"
"0.42027226090431213","0.3125","0.4189079999923706","0.0625","1.988889455795288","0.0"
"0.14038589596748352","0.9375","0.5145610570907593","0.0625","1.8908007144927979","0.0"
"0.09752992540597916","0.9375","0.45396238565444946","0.0625","2.0083587169647217","0.0"
"0.17342334985733032","0.875","0.5183085203170776","0.0625","1.894594430923462","0.0"
"0.08720846474170685","0.9375","0.5140210390090942","0.0625","2.170553684234619","0.0"
"0.13632836937904358","0.9375","0.46156173944473267","0.0625","2.109351634979248","0.0"
"0.16756048798561096","0.9375","0.44135960936546326","0.0625","2.1652932167053223","0.0"
"0.1750020682811737","0.9375","0.49035197496414185","0.0625","1.913358449935913","0.0"
"0.1623222827911377","0.9375","0.4161381721496582","0.0625","2.2552244663238525","0.0"
"0.15078479051589966","0.9375","0.49053025245666504","0.0625","2.1646182537078857","0.0"
"0.4512058198451996","0.3125","0.4663880169391632","0.0625","2.2142300605773926","0.0"
"0.05494700372219086","0.9375","0.4474048912525177","0.0625","2.176372528076172","0.0"
"0.09711353480815887","0.9375","0.4768393039703369","0.0625","2.0697646141052246","0.0"
"0.11206494271755219","0.9375","0.4075548052787781","0.0625","2.1074581146240234","0.0"
"0.09115241467952728","0.9375","0.49145805835723877","0.0625","2.2542991638183594","0.0"
"0.10661573708057404","0.9375","0.3955341577529907","0.0625","2.2219035625457764","0.0"
"0.0922594666481018","0.9375","0.4788898825645447","0.0625","2.191804885864258","0.0"
"0.08354593813419342","0.9375","0.39680615067481995","0.0625","2.2734408378601074","0.0"
"0.08636930584907532","0.9375","0.45680177211761475","0.0625","2.3690903186798096","0.0"
"0.12000368535518646","0.9375","0.44464510679244995","0.0625","2.412081718444824","0.0"
"0.5162511467933655","0.3125","0.49185895919799805","0.0625","2.475029945373535","0.0"
"0.08853605389595032","0.9375","0.49427515268325806","0.0625","2.4413561820983887","0.0"
"0.08603580296039581","0.9375","0.39314740896224976","0.0625","2.493056058883667","0.0"
"0.09096653014421463","0.9375","0.4333435297012329","0.0625","2.5088491439819336","0.0"
"0.11072096228599548","0.9375","0.4379637837409973","0.0625","2.5825648307800293","0.0"
"0.1296425461769104","0.9375","0.48293977975845337","0.0625","2.4692611694335938","0.0"
"0.13252781331539154","0.9375","0.42464563250541687","0.0625","2.5787928104400635","0.0"
"0.06850529462099075","0.9375","0.4965929388999939","0.0625","2.6583821773529053","0.0"
"0.1224391907453537","0.9375","0.47970497608184814","0.0625","2.5012011528015137","0.0"
"0.08347217738628387","0.9375","0.4470754563808441","0.0625","2.5670859813690186","0.0"
"0.5590389370918274","0.3125","0.4947451651096344","0.0625","2.5740556716918945","0.0"
"0.03809665888547897","0.9375","0.4860782027244568","0.0625","2.457736015319824","0.0"
"0.0681581050157547","0.9375","0.4964253008365631","0.0625","2.442662000656128","0.0"
"0.16721342504024506","0.9375","0.5186954140663147","0.0625","2.3597464561462402","0.0"
"0.13510970771312714","0.9375","0.4729456305503845","0.0625","2.3430991172790527","0.0"
"0.09624210000038147","0.9375","0.5096443891525269","0.0625","2.4794552326202393","0.0"
"0.054826341569423676","0.9375","0.5372865796089172","0.0625","2.555311679840088","0.0"
"0.09176221489906311","0.9375","0.472939133644104","0.0625","2.35239839553833","0.0"
"0.1677568405866623","0.9375","0.5421423316001892","0.0625","2.3346729278564453","0.0"
"0.09447824954986572","0.9375","0.4333670139312744","0.0625","2.3997769355773926","0.0"
"0.489916056394577","0.3125","0.41577422618865967","0.0625","2.374124050140381","0.0"
"0.058530282229185104","0.9375","0.46631813049316406","0.0625","2.3356170654296875","0.0"
"0.07897526025772095","0.9375","0.44741928577423096","0.0625","2.255976676940918","0.0"
"0.14445491135120392","0.875","0.40997621417045593","0.0625","2.2143070697784424","0.0"
"0.05043608695268631","0.9375","0.5718458294868469","0.0625","2.5173075199127197","0.0"
"0.0870356559753418","0.9375","0.4153958261013031","0.0625","2.220686197280884","0.0"
"0.11396986246109009","0.9375","0.5680739879608154","0.0625","2.2802863121032715","0.0"
"0.08130070567131042","0.9375","0.4819386303424835","0.0625","2.3592615127563477","0.0"
"0.13499540090560913","0.875","0.5308558940887451","0.0625","2.1522674560546875","0.0"
"0.10586608201265335","0.9375","0.5351067781448364","0.0625","2.17974853515625","0.0"
"0.5528834462165833","0.3125","0.4618662893772125","0.0625","2.056859016418457","0.0"
"0.09356844425201416","0.9375","0.4837408661842346","0.0625","2.0000979900360107","0.0"
"0.07806709408760071","0.9375","0.4291808307170868","0.0625","1.9656407833099365","0.0"
"0.10765829682350159","0.9375","0.46712183952331543","0.0625","1.946542501449585","0.0"
"0.06158585101366043","0.9375","0.34645596146583557","0.0625","2.050225257873535","0.0"
"0.07590578496456146","0.9375","0.4823654890060425","0.0625","1.986126184463501","0.0"
"0.091681569814682","0.9375","0.4411473274230957","0.0625","1.8687922954559326","0.0"
"0.10819385945796967","0.9375","0.4809187054634094","0.0625","1.8288769721984863","0.0"
"0.10069377720355988","0.9375","0.4334865212440491","0.0625","1.9343407154083252","0.0"
"0.10625718533992767","0.9375","0.46724021434783936","0.0625","1.8344175815582275","0.0"
"0.5754120945930481","0.3125","0.36686137318611145","0.0625","1.8887791633605957","0.0"
"0.12968142330646515","0.9375","0.5543259978294373","0.0625","1.6886487007141113","0.0"
"0.11324029415845871","0.9375","0.46814095973968506","0.0625","1.6884547472000122","0.0"
"0.11796475946903229","0.9375","0.5346310138702393","0.0625","1.6147193908691406","0.0"
"0.14171898365020752","0.9375","0.45550358295440674","0.0625","1.689861536026001","0.0"
"0.06788460910320282","0.9375","0.43527716398239136","0.0625","1.5130118131637573","0.0"
"0.1428041160106659","0.9375","0.42898622155189514","0.0625","1.5253560543060303","0.0"
"0.04539305716753006","0.9375","0.48978307843208313","0.0625","1.581697702407837","0.0"
"0.03632115572690964","0.9375","0.5347415208816528","0.0625","1.4570317268371582","0.0"
"0.09110074490308762","0.9375","0.5011948347091675","0.0625","1.4569892883300781","0.0"
"0.4534469544887543","0.3125","0.37874501943588257","0.0625","1.4721955060958862","0.0"
"0.07620228826999664","0.9375","0.4000011384487152","0.0625","1.4099464416503906","0.0"
"0.07229137420654297","0.9375","0.37710118293762207","0.0625","1.3959877490997314","0.0"
"0.07127320766448975","0.9375","0.499226838350296","0.0625","1.1230510473251343","0.0"
"0.07692013680934906","0.9375","0.44570791721343994","0.0625","1.181445598602295","0.0"
"0.08268611878156662","0.9375","0.33805206418037415","0.0625","1.2141005992889404","0.0"
"0.059539295732975006","0.9375","0.42206090688705444","0.0625","1.1823387145996094","0.0"
"0.09899339079856873","0.9375","0.3667445480823517","0.0625","1.179967999458313","0.0"
"0.13462109863758087","0.9375","0.4443320631980896","0.0625","1.0832501649856567","0.0"
"0.07367643713951111","0.9375","0.39506444334983826","0.0625","1.0416679382324219","0.0"
"0.40771424770355225","0.3125","0.3746260702610016","0.0625","1.0916948318481445","0.0"
"0.06675004214048386","0.9375","0.3990095853805542","0.0625","0.9946333169937134","0.0"
"0.10579467564821243","0.9375","0.379590779542923","0.0625","0.9314212799072266","0.0"
"0.05692015960812569","0.9375","0.4428757131099701","0.0625","0.9771931171417236","0.0"
"0.04714497923851013","0.9375","0.4927181899547577","0.0625","0.9778032302856445","0.0"
"0.0429481640458107","0.9375","0.3600034713745117","0.0625","0.9938729405403137","0.0"
"0.11880923807621002","0.9375","0.3754352629184723","0.0625","0.9730278253555298","0.0"
"0.06805267930030823","0.9375","0.4965299963951111","0.0625","1.0125091075897217","0.0"
"0.07129805535078049","0.9375","0.36909180879592896","0.0625","0.8279564380645752","0.0"
"0.14157137274742126","0.9375","0.4301801323890686","0.0625","0.9744138717651367","0.0"
"0.36749157309532166","0.3125","0.4989495873451233","0.0625","0.754206657409668","0.0"
"0.07487998902797699","0.9375","0.48335444927215576","0.0625","0.8190116882324219","0.0"
"0.06877023726701736","0.9375","0.41696983575820923","0.0625","0.8044722080230713","0.0"
"0.037725210189819336","0.9375","0.44794005155563354","0.0625","0.7919642925262451","0.0"
"0.12515322864055634","0.9375","0.44216492772102356","0.0625","0.7927499413490295","0.0"
"0.04926447942852974","0.9375","0.39684605598449707","0.0625","0.7062767148017883","0.0"
"0.05860311537981033","0.9375","0.4479663074016571","0.0625","0.7542780637741089","0.0"
"0.07187154144048691","0.9375","0.40198642015457153","0.0625","0.8356766700744629","0.0"
"0.04766391962766647","0.9375","0.4152219891548157","0.0625","0.7021257877349854","0.0"
"0.07297578454017639","0.9375","0.47556018829345703","0.0625","0.6252129077911377","0.0"
"0.3262568414211273","0.3125","0.390023410320282","0.0625","0.6092267036437988","0.0"
"0.06797944009304047","0.9375","0.42003846168518066","0.0625","0.7137131690979004","0.0"
"0.06502655148506165","0.9375","0.3857400119304657","0.0625","0.6018155813217163","0.0"
"0.09948872774839401","0.9375","0.4332979917526245","0.0625","0.636167049407959","0.0"
"0.05660957843065262","0.9375","0.42190778255462646","0.0625","0.49181410670280457","0.0"
"0.09139437973499298","0.9375","0.4577227830886841","0.0625","0.6383134722709656","0.0"
"0.11410441994667053","0.9375","0.46476736664772034","0.0625","0.6643009185791016","0.0"
"0.08081591874361038","0.9375","0.4132295846939087","0.0625","0.5339012145996094","0.0"
"0.06253836303949356","0.9375","0.44906169176101685","0.0625","0.5440911650657654","0.0"
"0.0929395854473114","0.9375","0.4469011127948761","0.0625","0.5782008767127991","0.0"
"0.36321213841438293","0.3125","0.4563062787055969","0.0625","0.6587651371955872","0.0"
"0.1038062572479248","0.9375","0.41760075092315674","0.0625","0.9098535776138306","0.0"
"0.04091443866491318","0.9375","0.3897402286529541","0.0625","0.6206074953079224","0.0"
"0.05102990195155144","0.9375","0.4676665663719177","0.0625","0.7329996824264526","0.0"
"0.09962926805019379","0.9375","0.4145348072052002","0.0625","0.5633293390274048","0.0"
"0.02673519402742386","0.9375","0.4801679849624634","0.0625","0.6194242238998413","0.0"
"0.034262191504240036","0.9375","0.3895937502384186","0.0625","0.46773383021354675","0.0"
"0.07221657782793045","0.9375","0.42872536182403564","0.0625","0.4519626200199127","0.0"
"0.11611013859510422","0.875","0.5214493274688721","0.0625","0.39981287717819214","0.0"
"0.08467952907085419","0.9375","0.5075745582580566","0.0625","0.4727754592895508","0.0"
"0.3622497618198395","0.3125","0.4810067415237427","0.0625","0.43838244676589966","0.0"
"0.06134475767612457","0.9375","0.45709213614463806","0.0625","0.43130266666412354","0.0"
"0.04535677284002304","0.9375","0.45539209246635437","0.0625","0.4782293438911438","0.0"
"0.04687061905860901","0.9375","0.42276790738105774","0.0625","0.5376960635185242","0.0"
"0.04546591639518738","0.9375","0.4453105330467224","0.0625","0.4456714987754822","0.0"
"0.16274896264076233","0.9375","0.44608816504478455","0.0625","0.4455135464668274","0.0"
"0.07250821590423584","0.9375","0.4817178249359131","0.0625","0.4005414843559265","0.0"
"0.033364441245794296","0.9375","0.48549148440361023","0.0625","0.502074122428894","0.0"
"0.08355304598808289","0.9375","0.4008457064628601","0.0625","0.3438907563686371","0.0"
"0.07439105212688446","0.9375","0.44922754168510437","0.0625","0.3394652009010315","0.0"
"0.2935556471347809","0.3541666567325592","0.5192652940750122","0.0625","0.49693846702575684","0.0"
"0.023015517741441727","0.9375","0.5032824277877808","0.0625","0.43785184621810913","0.0"
"0.05335908383131027","0.9375","0.3919099271297455","0.0625","0.4663902223110199","0.0"
"0.07277370989322662","0.9375","0.41525524854660034","0.0625","0.36287176609039307","0.0"
"0.05428522825241089","0.9375","0.42748212814331055","0.0625","0.4237339496612549","0.0"
"0.1350591778755188","0.9375","0.43075281381607056","0.0625","0.27168601751327515","0.0"
"0.0439734011888504","0.9375","0.3759755492210388","0.0625","0.4462777078151703","0.0"
"0.05185699835419655","0.9375","0.47948816418647766","0.0625","0.3246755599975586","0.0"
"0.08429834246635437","0.9375","0.4148845374584198","0.0625","0.3550543785095215","0.0"
"0.0741736963391304","0.9375","0.4401407241821289","0.0625","0.39138540625572205","0.0"
"0.3077074885368347","0.3541666567325592","0.4984184801578522","0.0625","0.3374011218547821","0.0"
"0.05216321349143982","0.9375","0.5452560186386108","0.0625","0.32655471563339233","0.0"
"0.05060390383005142","0.9375","0.47014063596725464","0.0625","0.33352968096733093","0.0"
"0.15936824679374695","0.875","0.4715442359447479","0.0625","0.3436849117279053","0.0"
"0.047499142587184906","0.9375","0.4998636245727539","0.0625","0.24966822564601898","0.0"
"0.06304354965686798","0.9375","0.4647195339202881","0.0625","0.3212084174156189","0.0"
"0.043352603912353516","0.9375","0.5213707685470581","0.0625","0.293977826833725","0.0"
"0.06441348046064377","0.9375","0.44712772965431213","0.0625","0.2885580062866211","0.0"
"0.09782589972019196","0.9375","0.45536667108535767","0.0625","0.26489484310150146","0.0"
"0.04331301152706146","0.9375","0.372175395488739","0.0625","0.4655549228191376","0.0"
"0.35114338994026184","0.3125","0.5457226037979126","0.0625","0.5014180541038513","0.0"
"0.0557694286108017","0.9375","0.4700334370136261","0.0625","0.2726384401321411","0.0"
"0.056368015706539154","0.9375","0.4425020217895508","0.0625","0.27405697107315063","0.0"
"0.09130309522151947","0.9375","0.4572625458240509","0.0625","0.24303439259529114","0.0"
"0.1013881117105484","0.9375","0.42899349331855774","0.0625","0.2741212546825409","0.0"
"0.042181722819805145","0.9375","0.4687004089355469","0.0625","0.38391390442848206","0.0"
"0.11426270008087158","0.9375","0.43152135610580444","0.0625","0.23626482486724854","0.0"
"0.11365221440792084","0.9375","0.4570988118648529","0.0625","0.2927694022655487","0.0"
"0.09316161274909973","0.9375","0.4240264892578125","0.0625","0.3514423370361328","0.0"
"0.04892200976610184","0.9375","0.4987259805202484","0.0625","0.2618158459663391","0.0"
"0.3099415600299835","0.3333333432674408","0.4137132167816162","0.0625","0.3909420371055603","0.0"
"0.05639481544494629","0.9375","0.42030081152915955","0.0625","0.3695095181465149","0.0"
"0.04660836234688759","0.9375","0.499858021736145","0.0625","0.2644347548484802","0.0"
"0.04379364475607872","0.9375","0.46454793214797974","0.0625","0.24619053304195404","0.0"
"0.05126696825027466","0.9375","0.5129545331001282","0.0625","0.3039378523826599","0.0"
"0.1532958298921585","0.9375","0.39874738454818726","0.0625","0.2163475602865219","0.0"
"0.019316837191581726","0.9375","0.4491878151893616","0.0625","0.24397824704647064","0.0"
"0.041568174958229065","0.9375","0.5000728368759155","0.0625","0.34233471751213074","0.0"
"0.025016391649842262","0.9375","0.40928953886032104","0.0625","0.2996320128440857","0.0"
"0.06285455077886581","0.9375","0.4867076873779297","0.0625","0.2193094789981842","0.0"
"0.30036792159080505","0.3541666567325592","0.42339473962783813","0.0625","0.35549503564834595","0.0"
"0.03644527494907379","0.9375","0.42788755893707275","0.0625","0.22939270734786987","0.0"
"0.06440344452857971","0.9375","0.4003247022628784","0.0625","0.3930504322052002","0.0"
"0.10634572058916092","0.9375","0.34909379482269287","0.0625","0.13440318405628204","0.0"
"0.10783254355192184","0.9375","0.4785205125808716","0.0625","0.3448787033557892","0.0"
"0.06839622557163239","0.9375","0.37782275676727295","0.0625","0.2746155261993408","0.0"
"0.0675060972571373","0.9375","0.4194040894508362","0.0625","0.2121322751045227","0.0"
"0.03445979952812195","0.9375","0.45059454441070557","0.0625","0.2550669312477112","0.0"
"0.049332983791828156","0.9375","0.42251133918762207","0.0625","0.20083126425743103","0.0"
"0.04136792942881584","0.9375","0.4409518241882324","0.0625","0.15457803010940552","0.0"
"0.3155590295791626","0.3541666567325592","0.4567503035068512","0.0625","0.2423517405986786","0.0"
"0.05519404262304306","0.9375","0.4438196122646332","0.0625","0.2923305034637451","0.0"
"0.06182271987199783","0.9375","0.5067662596702576","0.0625","0.2640755772590637","0.0"
"0.09031505882740021","0.9375","0.3752948045730591","0.0625","0.2497817873954773","0.0"
"0.1208261027932167","0.9375","0.489063024520874","0.0625","0.19575616717338562","0.0"
"0.062379155308008194","0.9375","0.46271830797195435","0.0625","0.2618426978588104","0.0"
"0.08000214397907257","0.9375","0.4248068332672119","0.0625","0.2656536102294922","0.0"
"0.08774297684431076","0.9375","0.5148721933364868","0.0625","0.30544954538345337","0.0"
"0.08572089672088623","0.9375","0.4081401824951172","0.0625","0.26125895977020264","0.0"
"0.0901421308517456","0.9375","0.460290789604187","0.0625","0.3144075870513916","0.0"
"0.2977234125137329","0.3541666567325592","0.431224524974823","0.0625","0.19857054948806763","0.0"
"0.0663716197013855","0.9375","0.4477998912334442","0.0625","0.18201369047164917","0.0"
"0.04348316788673401","0.9375","0.38111764192581177","0.0625","0.1856401264667511","0.0"
"0.04164861887693405","0.9375","0.4641954004764557","0.0625","0.2395744025707245","0.0"
"0.04616208001971245","0.9375","0.4768514633178711","0.0625","0.25874558091163635","0.0"
"0.05333779752254486","0.9375","0.40145790576934814","0.0625","0.20084169507026672","0.0"
"0.045417219400405884","0.9375","0.43937158584594727","0.0625","0.24406763911247253","0.0"
"0.06848427653312683","0.9375","0.4633602201938629","0.0625","0.2569713592529297","0.0"
"0.04183606803417206","0.9375","0.42416495084762573","0.0625","0.18253755569458008","0.0"
"0.0812915563583374","0.9375","0.3680008053779602","0.0625","0.2921767234802246","0.0"
"0.33450672030448914","0.3541666567325592","0.44774967432022095","0.0625","0.32589513063430786","0.0"
"0.08469302952289581","0.9375","0.5511929988861084","0.0625","0.2591414749622345","0.0"
"0.030263332650065422","0.9375","0.513672947883606","0.0625","0.3192529082298279","0.0"
"0.03480881080031395","0.9375","0.37805527448654175","0.0625","0.1690014749765396","0.0"
"0.04863782972097397","0.9375","0.4805581569671631","0.0625","0.20238159596920013","0.0"
"0.03354822099208832","0.9375","0.43607082962989807","0.0625","0.262694776058197","0.0"
"0.08905427902936935","0.9375","0.5241608619689941","0.0625","0.18789353966712952","0.0"
"0.07632945477962494","0.9375","0.41295769810676575","0.0625","0.3397860527038574","0.0"
"0.06472428888082504","0.9375","0.476567804813385","0.0625","0.08769940584897995","0.0"
"0.04100935906171799","0.9375","0.4082990884780884","0.0625","0.19801390171051025","0.0"
"0.2978545129299164","0.3541666567325592","0.4873386025428772","0.0625","0.1597888171672821","0.0"
"0.030956700444221497","0.9375","0.4205085039138794","0.0625","0.23104700446128845","0.0"
"0.042907826602458954","0.9375","0.49557578563690186","0.0625","0.47351306676864624","0.0"
"0.09159981459379196","0.9375","0.4674501121044159","0.0625","0.3749716281890869","0.0"
"0.05201621353626251","0.9375","0.463462233543396","0.0625","0.25164517760276794","0.0"
"0.0684700757265091","0.9375","0.4594106078147888","0.0625","0.3190315365791321","0.0"
"0.064320407807827","0.9375","0.4849362075328827","0.0625","0.34342026710510254","0.0"
"0.058246053755283356","0.9375","0.4563528299331665","0.0625","0.3217187821865082","0.0"
"0.024611251428723335","0.9375","0.43967270851135254","0.0625","0.3368552625179291","0.0"
"0.04494290426373482","0.9375","0.46440765261650085","0.0625","0.2690556049346924","0.0"
"0.27161234617233276","0.3541666567325592","0.42541101574897766","0.0625","0.22060057520866394","0.0"
"0.07491473853588104","0.9375","0.4442274570465088","0.0625","0.32433515787124634","0.0"
"0.020206572487950325","0.9375","0.4396531879901886","0.0625","0.3373720347881317","0.0"
"0.03047499619424343","0.9375","0.43884608149528503","0.0625","0.2609526813030243","0.0"
"0.05532243102788925","0.9375","0.5495169758796692","0.0625","0.20724645256996155","0.0"
"0.06317882239818573","0.9375","0.32235187292099","0.0625","0.2971994876861572","0.0"
"0.061684656888246536","0.9375","0.4822162091732025","0.0625","0.24591247737407684","0.0"
"0.038611527532339096","0.9375","0.46177148818969727","0.0625","0.21117568016052246","0.0"
"0.01606019400060177","0.9375","0.46180516481399536","0.0625","0.3137955069541931","0.0"
"0.04952177405357361","0.9375","0.44599950313568115","0.0625","0.3866369128227234","0.0"
"0.2812105119228363","0.3541666567325592","0.4113861322402954","0.0625","0.3279682993888855","0.0"
"0.05821701139211655","0.9375","0.3991226255893707","0.0625","0.19783051311969757","0.0"
"0.07267875224351883","0.9375","0.46225506067276","0.0625","0.295812726020813","0.0"
"0.044882968068122864","0.9375","0.4072360098361969","0.0625","0.3536320626735687","0.0"
"0.03457094356417656","0.9375","0.43059852719306946","0.0625","0.2559549808502197","0.0"
"0.039872173219919205","0.9375","0.43056440353393555","0.0625","0.3983459174633026","0.0"
"0.044748805463314056","0.9375","0.3843501806259155","0.0625","0.3474152684211731","0.0"
"0.11967786401510239","0.9375","0.47390222549438477","0.0625","0.32868659496307373","0.0"
"0.01697106473147869","0.9375","0.44974637031555176","0.0625","0.37424206733703613","0.0"
"0.030292339622974396","0.9375","0.505711555480957","0.0625","0.37415212392807007","0.0"
"0.2947198450565338","0.3541666567325592","0.44696855545043945","0.0625","0.317531943321228","0.0"
"0.03014836460351944","0.9375","0.45963776111602783","0.0625","0.2581498622894287","0.0"
"0.05074195936322212","0.9375","0.5057511329650879","0.0625","0.2321469783782959","0.0"
"0.06102032959461212","0.9375","0.4270486831665039","0.0625","0.21886402368545532","0.0"
"0.06686821579933167","0.9375","0.4336124062538147","0.0625","0.2577892541885376","0.0"
"0.02927909418940544","0.9375","0.46755629777908325","0.0625","0.2756109833717346","0.0"
"0.02829045057296753","0.9375","0.4583754539489746","0.0625","0.4367913007736206","0.0"
"0.10395067930221558","0.9375","0.5024731755256653","0.0625","0.2689707577228546","0.0"
"0.0990297868847847","0.875","0.4147264361381531","0.0625","0.44504421949386597","0.0"
"0.03704601898789406","0.9375","0.43494755029678345","0.0625","0.23410555720329285","0.0"
"0.28757476806640625","0.3541666567325592","0.4355369210243225","0.0625","0.2903393507003784","0.0"
"0.030210105702280998","0.9375","0.4420662224292755","0.0625","0.20340032875537872","0.0"
"0.03830989822745323","0.9375","0.4402150511741638","0.0625","0.3791465163230896","0.0"
"0.08514614403247833","0.9375","0.39837121963500977","0.0625","0.36823558807373047","0.0"
"0.06730526685714722","0.9375","0.4921806752681732","0.0625","0.262789249420166","0.0"
"0.03775288164615631","0.9375","0.4794079661369324","0.0625","0.19553059339523315","0.0"
"0.03521602228283882","0.9375","0.5688638091087341","0.0625","0.25943228602409363","0.0"
"0.07572837173938751","0.9375","0.3739577531814575","0.0625","0.35205304622650146","0.0"
"0.011842082254588604","0.9375","0.4877529740333557","0.0625","0.37733206152915955","0.0"
"0.03402777016162872","0.9375","0.4443473219871521","0.0625","0.27694547176361084","0.0"
"0.31306472420692444","0.3541666567325592","0.4642295837402344","0.0625","0.21940568089485168","0.0"
"0.09380103647708893","0.9375","0.4885026216506958","0.0625","0.5070790648460388","0.0"
"0.03644612804055214","0.9375","0.49994805455207825","0.0625","0.34744367003440857","0.0"
"0.023299694061279297","0.9375","0.3983723223209381","0.0625","0.21200832724571228","0.0"
"0.089141346514225","0.875","0.5228261947631836","0.0625","0.27415066957473755","0.0"
"0.060440730303525925","0.9375","0.44240790605545044","0.0625","0.15074464678764343","0.0"
"0.03158125653862953","0.9375","0.3778655529022217","0.0625","0.19795894622802734","0.0"
"0.08109475672245026","0.9375","0.5302311182022095","0.0625","0.2560858130455017","0.0"
"0.04359648749232292","0.9375","0.39817118644714355","0.0625","0.23995722830295563","0.0"
"0.06696859002113342","0.9375","0.37767595052719116","0.0625","0.25338900089263916","0.0"
"0.3126741051673889","0.3541666567325592","0.442982017993927","0.0625","0.41934582591056824","0.0"
"0.04572596400976181","0.9375","0.47398167848587036","0.0625","0.43169933557510376","0.0"
"0.04282177984714508","0.9375","0.4372251033782959","0.0625","0.5428730249404907","0.0"
"0.07756801694631577","0.9375","0.5415281653404236","0.0625","0.24045127630233765","0.0"
"0.056238893419504166","0.9375","0.47731226682662964","0.0625","0.37923726439476013","0.0"
"0.11305206269025803","0.9375","0.508732795715332","0.0625","0.2910095453262329","0.0"
"0.05716315284371376","0.9375","0.556432843208313","0.0625","0.25921833515167236","0.0"
"0.051348209381103516","0.9375","0.45430517196655273","0.0625","0.3130814731121063","0.0"
"0.07577653974294662","0.9375","0.3796548843383789","0.0625","0.2842429280281067","0.0"
"0.06726091355085373","0.9375","0.46541649103164673","0.0625","0.3127249777317047","0.0"
"0.3385794162750244","0.3541666567325592","0.4607093334197998","0.0625","0.43502917885780334","0.0"
"0.045368023216724396","0.9375","0.4607670307159424","0.0625","0.3741142451763153","0.0"
"0.051455721259117126","0.9375","0.44951897859573364","0.0625","0.22965626418590546","0.0"
"0.036421578377485275","0.9375","0.5568559169769287","0.0625","0.31878432631492615","0.0"
"0.0731111615896225","0.9375","0.47286128997802734","0.0625","0.2942084074020386","0.0"
"0.06652908772230148","0.9375","0.4081130623817444","0.0625","0.2307124137878418","0.0"
"0.06350766122341156","0.9375","0.3859788775444031","0.0625","0.2606555223464966","0.0"
"0.0672672688961029","0.9375","0.4238603115081787","0.0625","0.3118508458137512","0.0"
"0.13426484167575836","0.9375","0.45524927973747253","0.0625","0.44636157155036926","0.0"
"0.03599622845649719","0.9375","0.41965100169181824","0.0625","0.32952645421028137","0.0"
"0.3181142508983612","0.3541666567325592","0.5174931287765503","0.0625","0.4640466272830963","0.0"
"0.048945870250463486","0.9375","0.4207836389541626","0.0625","0.3590410351753235","0.0"
"0.15142139792442322","0.9375","0.43587052822113037","0.0625","0.407412052154541","0.0"
"0.03997800499200821","0.9375","0.5112611055374146","0.0625","0.252634197473526","0.0"
"0.03896363079547882","0.9375","0.4131820499897003","0.0625","0.4677956700325012","0.0"
"0.057317961007356644","0.9375","0.5059419274330139","0.0625","0.3930441439151764","0.0"
"0.09603360295295715","0.9375","0.4567791223526001","0.0625","0.36863693594932556","0.0"
"0.032796431332826614","0.9375","0.46481218934059143","0.0625","0.34085267782211304","0.0"
"0.0811852365732193","0.9375","0.4366520047187805","0.0625","0.2695790231227875","0.0"
"0.03714354336261749","0.9375","0.3930814266204834","0.0625","0.31104427576065063","0.0"
"0.31705036759376526","0.3541666567325592","0.46709004044532776","0.0625","0.3108721077442169","0.0"
"0.060658328235149384","0.9375","0.5532822012901306","0.0625","0.38274645805358887","0.0"
"0.042960893362760544","0.9375","0.5582216382026672","0.0625","0.4009978175163269","0.0"
"0.052849844098091125","0.9375","0.5194280743598938","0.0625","0.22947008907794952","0.0"
"0.10627622157335281","0.9375","0.4044824242591858","0.0625","0.3832415044307709","0.0"
"0.02837410941720009","0.9375","0.41037315130233765","0.0625","0.29827624559402466","0.0"
"0.04966428130865097","0.9375","0.4472261071205139","0.0625","0.35261070728302","0.0"
"0.04411971941590309","0.9375","0.4905952215194702","0.0625","0.2752825617790222","0.0"
"0.04689928516745567","0.9375","0.44511446356773376","0.0625","0.29860639572143555","0.0"
"0.058942437171936035","0.9375","0.41116955876350403","0.0625","0.2539435625076294","0.0"
"0.3146512806415558","0.3541666567325592","0.46718037128448486","0.0625","0.28878313302993774","0.0"
"0.0583806037902832","0.9375","0.414859414100647","0.0625","0.3578667640686035","0.0"
"0.08952552080154419","0.9375","0.4433554708957672","0.0625","0.28919681906700134","0.0"
"0.05970272421836853","0.9375","0.37392252683639526","0.0625","0.3659748435020447","0.0"
"0.05350394919514656","0.9375","0.44879141449928284","0.0625","0.19004087150096893","0.0"
"0.05392775312066078","0.9375","0.38951417803764343","0.0625","0.23877499997615814","0.0"
"0.06101279705762863","0.9375","0.4563775658607483","0.0625","0.2640826404094696","0.0"
"0.03961414843797684","0.9375","0.4489826261997223","0.0625","0.28006649017333984","0.0"
"0.05082545429468155","0.9375","0.4304528832435608","0.0625","0.20702554285526276","0.0"
"0.06611031293869019","0.9375","0.42358139157295227","0.0625","0.3365743160247803","0.0"
"0.2911672294139862","0.3541666567325592","0.4052737355232239","0.0625","0.26594817638397217","0.0"
"0.04093676805496216","0.9375","0.4393981695175171","0.0625","0.3327924907207489","0.0"
"0.039953455328941345","0.9375","0.3902968764305115","0.0625","0.21816223859786987","0.0"
"0.09025025367736816","0.9375","0.49098002910614014","0.0625","0.36393553018569946","0.0"
"0.06804075837135315","0.9375","0.47763222455978394","0.0625","0.42332762479782104","0.0"
"0.04765910655260086","0.9375","0.4063448905944824","0.0625","0.3140365779399872","0.0"
"0.04304126277565956","0.9375","0.48091888427734375","0.0625","0.2560328245162964","0.0"
"0.03632436320185661","0.9375","0.43952590227127075","0.0625","0.24107852578163147","0.0"
"0.021228162571787834","0.9375","0.38241639733314514","0.0625","0.3727365732192993","0.0"
"0.05635788291692734","0.9375","0.32556861639022827","0.0625","0.2754076421260834","0.0"
"0.2556581199169159","0.3541666567325592","0.424938827753067","0.0625","0.3625735938549042","0.0"
"0.0710984617471695","0.9375","0.3397862911224365","0.0625","0.3228163719177246","0.0"
"0.041501980274915695","0.9375","0.39860302209854126","0.0625","0.2240980565547943","0.0"
"0.05910640209913254","0.9375","0.486447274684906","0.0625","0.32092130184173584","0.0"
"0.02610953152179718","0.9375","0.4258081912994385","0.0625","0.21786051988601685","0.0"
"0.09738309681415558","0.9375","0.4959496259689331","0.0","0.32633495330810547","0.0"
"0.04237434267997742","0.9375","0.5074667930603027","0.0625","0.36242637038230896","0.0"
"0.02693350240588188","0.9375","0.43921637535095215","0.0625","0.3242688775062561","0.0"
"0.053553737699985504","0.9375","0.5118310451507568","0.0625","0.1567356437444687","0.0"
"0.07225440442562103","0.9375","0.38755545020103455","0.0625","0.290307879447937","0.0"
"0.3182896673679352","0.3541666567325592","0.46073800325393677","0.0625","0.16444911062717438","0.0"
"0.06852670013904572","0.9375","0.45868274569511414","0.0625","0.23279082775115967","0.0"
"0.009300485253334045","0.9375","0.4784746468067169","0.0625","0.16297295689582825","0.0"
"0.1463582068681717","0.9375","0.43115895986557007","0.0625","0.24626082181930542","0.0"
"0.040140606462955475","0.9375","0.37208110094070435","0.0625","0.1824093461036682","0.0"
"0.046258825808763504","0.9375","0.41160595417022705","0.0625","0.262403666973114","0.0"
"0.06185465678572655","0.9375","0.47818028926849365","0.0625","0.2368573248386383","0.0"
"0.04251211881637573","0.9375","0.4598606526851654","0.0625","0.19342023134231567","0.0"
"0.07153357565402985","0.9375","0.4872129261493683","0.0625","0.21746861934661865","0.0"
"0.06981594860553741","0.9375","0.41599616408348083","0.0625","0.3123040497303009","0.0"
"0.3043489158153534","0.3541666567325592","0.49847981333732605","0.0625","0.19207796454429626","0.0"
"0.1081106886267662","0.9375","0.44348442554473877","0.0625","0.3696563243865967","0.0"
"0.055215343832969666","0.9375","0.491611510515213","0.0625","0.3674543499946594","0.0"
"0.050465553998947144","0.9375","0.4713458716869354","0.0625","0.2511065602302551","0.0"
"0.04243612289428711","0.9375","0.4255812168121338","0.0625","0.21997159719467163","0.0"
"0.05610567703843117","0.9375","0.48624473810195923","0.0625","0.2256545126438141","0.0"
"0.04312518239021301","0.9375","0.39219164848327637","0.0625","0.17324486374855042","0.0"
"0.03679162636399269","0.9375","0.4839348793029785","0.0625","0.2757452130317688","0.0"
"0.1370384395122528","0.9375","0.46455007791519165","0.0625","0.294147789478302","0.0"
"0.07687225192785263","0.9375","0.44448724389076233","0.0625","0.2343941032886505","0.0"
"0.3557082414627075","0.3541666567325592","0.47168412804603577","0.0625","0.1460372805595398","0.0"
"0.06087717413902283","0.9375","0.4809134900569916","0.0625","0.254844605922699","0.0"
"0.060122180730104446","0.9375","0.41240233182907104","0.0625","0.3463539779186249","0.0"
"0.03535078465938568","0.9375","0.4375990629196167","0.0625","0.29609495401382446","0.0"
"0.033414244651794434","0.9375","0.4633140563964844","0.0625","0.2667025327682495","0.0"
"0.03970232978463173","0.9375","0.4612874984741211","0.0625","0.38542038202285767","0.0"
"0.07293647527694702","0.9375","0.47587135434150696","0.0625","0.3646179437637329","0.0"
"0.05139902979135513","0.9375","0.39561647176742554","0.0625","0.4305724501609802","0.0"
"0.03405453637242317","0.9375","0.44870755076408386","0.0625","0.536821186542511","0.0"
"0.1127418503165245","0.9375","0.41732171177864075","0.0625","0.34429430961608887","0.0"
"0.3247127830982208","0.3541666567325592","0.5297402143478394","0.0625","0.30161142349243164","0.0"
"0.07226182520389557","0.9375","0.37121883034706116","0.0625","0.30229049921035767","0.0"
"0.04946577548980713","0.9375","0.4127654731273651","0.0625","0.4068826138973236","0.0"
"0.055972110480070114","0.9375","0.46240705251693726","0.0625","0.32535627484321594","0.0"
"0.05980992317199707","0.9375","0.46248483657836914","0.0625","0.25539079308509827","0.0"
"0.048161882907152176","0.9375","0.4215339720249176","0.0625","0.3568405508995056","0.0"
"0.05213712528347969","0.9375","0.41300588846206665","0.0625","0.3301277160644531","0.0"
"0.09734731912612915","0.9375","0.4565587639808655","0.0625","0.31654733419418335","0.0"
"0.09148609638214111","0.9375","0.5291949510574341","0.0625","0.3873901665210724","0.0"
"0.0393199548125267","0.9375","0.5438191890716553","0.0625","0.3145628571510315","0.0"
"0.31505313515663147","0.3541666567325592","0.5067048072814941","0.0625","0.31846630573272705","0.0"
"0.1778060495853424","0.9375","0.4337511658668518","0.0625","0.36428964138031006","0.0"
"0.06134661287069321","0.9375","0.44550007581710815","0.0625","0.3571373224258423","0.0"
"0.025475680828094482","0.9375","0.41425883769989014","0.0625","0.21636027097702026","0.0"
"0.09692943841218948","0.9375","0.5305461883544922","0.0625","0.37898820638656616","0.0"
"0.05860266089439392","0.9375","0.42210817337036133","0.0625","0.26199862360954285","0.0"
"0.05545242130756378","0.9375","0.5107680559158325","0.0625","0.3398337662220001","0.0"
"0.06203266978263855","0.9375","0.3554818034172058","0.0625","0.2729416787624359","0.0"
"0.04616660624742508","0.9375","0.4581030607223511","0.0625","0.3245842456817627","0.0"
"0.11465565115213394","0.9375","0.460376113653183","0.0","0.3910807967185974","0.0"
"0.33366504311561584","0.3541666567325592","0.4620111882686615","0.0625","0.26696544885635376","0.0"
"0.04909235239028931","0.9375","0.5877694487571716","0.0","0.3242066502571106","0.0"
"0.05811876803636551","0.9375","0.44805559515953064","0.0625","0.4447218179702759","0.0"
"0.06859716027975082","0.9375","0.3859456777572632","0.0625","0.2871173620223999","0.0"
"0.06509563326835632","0.9375","0.30981558561325073","0.0625","0.2321813404560089","0.0"
"0.06796973943710327","0.9375","0.647082507610321","0.0625","0.3116336166858673","0.0"
"0.03601791709661484","0.9375","0.46898558735847473","0.0625","0.2878091335296631","0.0"
"0.04674721509218216","0.9375","0.42663174867630005","0.0625","0.2566397488117218","0.0"
"0.03897850960493088","0.9375","0.42484837770462036","0.0625","0.28029197454452515","0.0"
"0.05395615100860596","0.9375","0.3641669452190399","0.0625","0.23949624598026276","0.0"
"0.3619372546672821","0.3541666567325592","0.4842674732208252","0.0625","0.2996084690093994","0.0"
"0.19379687309265137","0.9375","0.41822320222854614","0.0625","0.2922993302345276","0.0"
"0.06560260057449341","0.9375","0.5184856653213501","0.0625","0.35200875997543335","0.0"
"0.10889259725809097","0.9375","0.41869568824768066","0.0625","0.2714211344718933","0.0"
"0.09776391834020615","0.9375","0.4857398271560669","0.0625","0.39273637533187866","0.0"
"0.08276772499084473","0.9375","0.3365093469619751","0.0625","0.4490985572338104","0.0"
"0.06541702896356583","0.9375","0.44804471731185913","0.0625","0.3228974938392639","0.0"
"0.07441538572311401","0.9375","0.4946517050266266","0.0625","0.3374990224838257","0.0"
"0.04585747420787811","0.9375","0.40434467792510986","0.0625","0.2613298296928406","0.0"
"0.061602476984262466","0.9375","0.48924148082733154","0.0625","0.3149263262748718","0.0"
"0.2807922065258026","0.3541666567325592","0.4734339118003845","0.0625","0.28299659490585327","0.0"
"0.05983579903841019","0.9375","0.4544631242752075","0.0625","0.34280434250831604","0.0"
"0.09717471152544022","0.9375","0.46215736865997314","0.0625","0.3212997317314148","0.0"
"0.04952455312013626","0.9375","0.4576106071472168","0.0625","0.30949604511260986","0.0"
"0.11174576729536057","0.9375","0.5466355085372925","0.0625","0.2906097173690796","0.0"
"0.06151735782623291","0.9375","0.4601072072982788","0.0625","0.49438971281051636","0.0"
"0.04618982970714569","0.9375","0.46441346406936646","0.0625","0.48810914158821106","0.0"
"0.03908379375934601","0.9375","0.621863842010498","0.0625","0.4683278799057007","0.0"
"0.057909682393074036","0.9375","0.482278048992157","0.0625","0.5472551584243774","0.0"
"0.12637847661972046","0.9375","0.49171948432922363","0.0625","0.4490308463573456","0.0"
"0.3401809632778168","0.3541666567325592","0.46092700958251953","0.0625","0.3978729844093323","0.0"
"0.17672976851463318","0.9375","0.6046035885810852","0.0625","0.4819663166999817","0.0"
"0.08576788008213043","0.9375","0.4490070343017578","0.0625","0.5458073616027832","0.0"
"0.04223833978176117","0.9375","0.46556851267814636","0.0625","0.554267168045044","0.0"
"0.07894201576709747","0.9375","0.621487021446228","0.0625","0.7415527105331421","0.0"
"0.07365942001342773","0.9375","0.43841540813446045","0.0625","0.49862924218177795","0.0"
"0.0919320285320282","0.9375","0.5672906637191772","0.0625","0.7055580019950867","0.0"
"0.11682073026895523","0.9375","0.4567723870277405","0.0625","0.6215577125549316","0.0"
"0.0823303610086441","0.9375","0.4502432346343994","0.0625","0.3981330394744873","0.0"
"0.07532817870378494","0.9375","0.47290319204330444","0.0625","0.31640779972076416","0.0"
"0.4969998598098755","0.3541666567325592","0.4656531810760498","0.0625","0.5513325929641724","0.0"
"0.09583849459886551","0.9375","0.37782934308052063","0.0625","0.6629977822303772","0.0"
"0.06562454253435135","0.9375","0.40985286235809326","0.0625","0.49197569489479065","0.0"
"0.0386010967195034","0.9375","0.5020001530647278","0.0625","0.5045214891433716","0.0"
"0.07211694866418839","0.9375","0.5109676718711853","0.0625","0.6359774470329285","0.0"
"0.15144619345664978","0.9375","0.5005203485488892","0.0625","0.5735893249511719","0.0"
"0.13489559292793274","0.9375","0.6545681357383728","0.0","0.5354349613189697","0.0"
"0.11548084020614624","0.9375","0.48447030782699585","0.0625","0.6766135096549988","0.0"
"0.2141469269990921","0.8125","0.3538452386856079","0.0625","0.633556067943573","0.0"
"0.05848786607384682","0.9375","0.5373104214668274","0.0625","0.5988377332687378","0.0"
"0.5903123617172241","0.3541666567325592","0.5485435724258423","0.0625","0.8109686374664307","0.0"
"0.10825332999229431","0.9375","0.3846023678779602","0.0625","0.654183566570282","0.0"
"0.05674174800515175","0.9375","0.45058318972587585","0.0625","0.7367555499076843","0.0"
"0.10738338530063629","0.9375","0.9084712266921997","0.0","0.9324575662612915","0.0"
"0.10426895320415497","0.9375","0.48309096693992615","0.0","1.0325212478637695","0.0"
"0.1106046587228775","0.875","0.4554717242717743","0.0625","0.974848210811615","0.0"
"0.07636617124080658","0.9375","0.4213157594203949","0.0625","0.9865374565124512","0.0"
"0.04969126731157303","0.9375","0.43022421002388","0.0625","0.6761218905448914","0.0"
"0.057079438120126724","0.9375","0.7070420980453491","0.0625","0.927801787853241","0.0"
"0.17316558957099915","0.875","0.4252474904060364","0.0625","1.1224819421768188","0.0"
"0.4491143524646759","0.3333333432674408","0.6444321870803833","0.0625","1.0659689903259277","0.0"
"0.15074896812438965","0.875","0.5786347389221191","0.0625","1.1876935958862305","0.0"
"0.16758474707603455","0.9375","0.5742723345756531","0.0625","1.0391342639923096","0.0"
"0.09744250029325485","0.9375","0.3993464708328247","0.0625","1.002187967300415","0.0"
"0.05321100354194641","0.9375","0.3915643095970154","0.0625","0.8753462433815002","0.0"
"0.1819630265235901","0.875","0.5183115005493164","0.0625","0.8106243014335632","0.0"
"0.24901024997234344","0.8125","0.6055898666381836","0.0625","0.9352445602416992","0.0"
"0.14432410895824432","0.9375","0.6747366786003113","0.0625","1.1420944929122925","0.0"
"0.1011221706867218","0.9375","0.4737279415130615","0.0625","1.346402883529663","0.0"
"0.18653583526611328","0.875","0.5678985118865967","0.0","1.1898008584976196","0.0"
"0.8194556832313538","0.3541666567325592","0.5002598762512207","0.0625","1.0798144340515137","0.0"
"0.32209622859954834","0.875","0.6281315088272095","0.0625","1.4198585748672485","0.0"
"0.16818392276763916","0.875","0.4360884428024292","0.0625","1.1445101499557495","0.0"
"0.06945730745792389","0.9375","0.4782902002334595","0.0625","1.1163794994354248","0.0"
"0.16838423907756805","0.875","0.5675196647644043","0.0625","1.3004019260406494","0.0"
"0.18050110340118408","0.875","0.5539475083351135","0.0625","1.1929892301559448","0.0"
"0.2173174023628235","0.875","0.48016002774238586","0.0625","1.243673324584961","0.0"
"0.2660757899284363","0.8125","0.4881458282470703","0.0625","1.517603874206543","0.0"
"0.07746077328920364","0.9375","0.5755460262298584","0.0625","1.6150399446487427","0.0"
"0.16702309250831604","0.9375","0.4618490934371948","0.0625","1.7470684051513672","0.0"
"1.3517637252807617","0.2916666567325592","0.37734395265579224","0.0625","1.4987597465515137","0.0"
"0.19072633981704712","0.875","1.17289137840271","0.0","1.5128170251846313","0.0"
"0.18587493896484375","0.875","0.4347173869609833","0.0625","1.5970351696014404","0.0"
"0.3470815122127533","0.8125","0.4707863926887512","0.0625","1.3908100128173828","0.0"
"0.20338603854179382","0.875","0.4587174654006958","0.0625","1.0615776777267456","0.0"
"0.1739926040172577","0.9375","0.48760971426963806","0.0625","0.938345193862915","0.0"
"0.11318041384220123","0.9375","0.704048752784729","0.0625","1.349128007888794","0.0"
"0.12550471723079681","0.9375","0.48730695247650146","0.0625","1.563933253288269","0.0"
"0.16657838225364685","0.9375","0.6103963851928711","0.0","1.525402545928955","0.0"
"0.3165607452392578","0.8125","0.6027078628540039","0.0625","1.5928194522857666","0.0"
"1.1654540300369263","0.3333333432674408","0.3691781759262085","0.0625","1.3524607419967651","0.0"
"0.1554679274559021","0.9375","0.6036099195480347","0.0","1.609121322631836","0.0"
"0.14290596544742584","0.9375","0.503171443939209","0.0625","1.8423793315887451","0.0"
"0.21485430002212524","0.875","0.43516862392425537","0.0625","1.5946708917617798","0.0"
"0.20014908909797668","0.875","0.5378308892250061","0.0625","1.4377208948135376","0.0"
"0.21448931097984314","0.8125","0.4582911431789398","0.0625","1.7218658924102783","0.0"
"0.17993316054344177","0.875","0.546877920627594","0.0625","1.6775065660476685","0.0"
"0.09533195942640305","0.9375","0.44120821356773376","0.0625","1.5128238201141357","0.0"
"0.07670371234416962","0.9375","0.5999963879585266","0.0625","1.6801468133926392","0.0"
"0.14424598217010498","0.9375","0.4828396141529083","0.0625","1.7780418395996094","0.0"
"0.9973017573356628","0.3541666567325592","0.6201221942901611","0.0625","1.7941758632659912","0.0"
"0.1851910799741745","0.875","0.5517751574516296","0.0625","1.8128855228424072","0.0"
"0.11816132068634033","0.9375","0.5100224614143372","0.0625","1.783354640007019","0.0"
"0.22709649801254272","0.8125","0.5144327878952026","0.0625","1.589060664176941","0.0"
"0.2870255708694458","0.8125","0.5789753198623657","0.0625","1.726475715637207","0.0"
"0.14075380563735962","0.875","0.44327789545059204","0.0625","1.5550224781036377","0.0"
"0.32854872941970825","0.8125","0.4738112986087799","0.0625","1.2878518104553223","0.0"
"0.2102062702178955","0.9375","0.8165463805198669","0.0625","1.4541598558425903","0.0"
"0.17389561235904694","0.875","0.5745592713356018","0.0625","1.371969223022461","0.0"
"0.2002389281988144","0.875","0.5506231188774109","0.0625","1.439384937286377","0.0"
"1.1512517929077148","0.3541666567325592","0.49329015612602234","0.0625","1.4441540241241455","0.0"
"0.2909507751464844","0.8125","0.565819501876831","0.0625","1.3620779514312744","0.0"
"0.2407785803079605","0.8125","0.6576271653175354","0.0625","1.4425044059753418","0.0"
"0.1835005283355713","0.875","0.4840906858444214","0.0625","1.6436333656311035","0.0"
"0.26266443729400635","0.875","0.42900174856185913","0.0625","1.5494273900985718","0.0"
"0.1295463889837265","0.875","0.5219010710716248","0.0625","1.5176525115966797","0.0"
"0.1435786932706833","0.9375","0.5566856861114502","0.0625","1.5000488758087158","0.0"
"0.1908876746892929","0.875","0.5421832203865051","0.0","1.5279709100723267","0.0"
"0.09863758832216263","0.9375","0.5224741697311401","0.0625","1.5603511333465576","0.0"
"0.11917562037706375","0.9375","0.4886208176612854","0.0625","1.732836365699768","0.0"
"1.361038327217102","0.3541666567325592","0.5046118497848511","0.0625","1.824571132659912","0.0"
"0.36506280303001404","0.75","0.41768479347229004","0.0625","1.7421486377716064","0.0"
"0.4145779013633728","0.6875","0.4181063175201416","0.0625","1.3904622793197632","0.0"
"0.20583321154117584","0.875","0.4517882168292999","0.0625","1.4724746942520142","0.0"
"0.08830472826957703","0.9375","0.6206756830215454","0.0625","1.6174821853637695","0.0"
"0.06670720130205154","0.9375","0.578262209892273","0.0","1.6776401996612549","0.0"
"0.300797700881958","0.8125","0.5352026224136353","0.0625","1.6932859420776367","0.0"
"0.20787638425827026","0.875","0.39622774720191956","0.0625","1.4994328022003174","0.0"
"0.07269254326820374","0.9375","0.42787712812423706","0.0625","1.689523458480835","0.0"
"0.08287977427244186","0.9375","0.5348151922225952","0.0625","1.6348716020584106","0.0"
"1.434975028038025","0.3541666567325592","0.6094074249267578","0.0625","1.5969321727752686","0.0"
"0.15625561773777008","0.875","0.5101677179336548","0.0625","1.7753102779388428","0.0"
"0.09673650562763214","0.9375","0.5477941036224365","0.0625","1.7657777070999146","0.0"
"0.08967384696006775","0.9375","0.5194748640060425","0.0625","1.7905770540237427","0.0"
"0.12631778419017792","0.9375","0.39999961853027344","0.0625","1.7842161655426025","0.0"
"0.11765798181295395","0.9375","0.4280949831008911","0.0625","1.7348499298095703","0.0"
"0.10167999565601349","0.9375","0.564712405204773","0.0","1.7351218461990356","0.0"
"0.17814475297927856","0.8125","0.39656955003738403","0.0625","1.643550157546997","0.0"
"0.18243002891540527","0.875","0.46497219800949097","0.0625","1.6886770725250244","0.0"
"0.08607585728168488","0.9375","0.706946849822998","0.0625","1.8467873334884644","0.0"
"1.13045072555542","0.3333333432674408","0.5228327512741089","0.0","1.765052318572998","0.0"
"0.1762416660785675","0.8125","0.4932171106338501","0.0625","1.7193024158477783","0.0"
"0.2812877893447876","0.8125","0.4963265359401703","0.0625","1.4210189580917358","0.0"
"0.08098777383565903","0.9375","0.5997148752212524","0.0625","1.9010374546051025","0.0"
"0.24107792973518372","0.8125","0.43766164779663086","0.0625","1.7064275741577148","0.0"
"0.21177813410758972","0.875","0.4346679449081421","0.0625","1.8156241178512573","0.0"
"0.1235768273472786","0.9375","0.5330108404159546","0.0625","1.6966171264648438","0.0"
"0.22102802991867065","0.8125","0.4767265319824219","0.0625","1.9736112356185913","0.0"
"0.11311593651771545","0.875","0.4815550744533539","0.0625","1.7583414316177368","0.0"
"0.08237998932600021","0.9375","0.3643217384815216","0.0625","1.5987505912780762","0.0"
"1.1652560234069824","0.3333333432674408","0.6124399304389954","0.0625","1.6903557777404785","0.0"
"0.17890746891498566","0.9375","0.4551296830177307","0.0625","1.962799310684204","0.0"
"0.18058618903160095","0.875","0.5001932978630066","0.0625","1.7986197471618652","0.0"
"0.08725562691688538","0.9375","0.3696059584617615","0.0625","1.6260710954666138","0.0"
"0.11731354892253876","0.9375","0.45918285846710205","0.0625","1.6448054313659668","0.0"
"0.08849290013313293","0.9375","0.6046746373176575","0.0625","1.989546775817871","0.0"
"0.15360495448112488","0.9375","0.46282580494880676","0.0625","1.7958117723464966","0.0"
"0.1372094750404358","0.9375","0.5082128047943115","0.0625","1.663130521774292","0.0"
"0.1184389740228653","0.9375","0.5182349681854248","0.0625","1.8588312864303589","0.0"
"0.19451242685317993","0.875","0.4221625030040741","0.0625","1.7530734539031982","0.0"
"1.2515102624893188","0.3333333432674408","0.541986882686615","0.0625","1.6527729034423828","0.0"
"0.08390037715435028","0.9375","0.4589730501174927","0.0625","1.7680022716522217","0.0"
"0.1353531926870346","0.9375","0.4543379247188568","0.0625","1.6246323585510254","0.0"
"0.2204011082649231","0.875","0.4579963684082031","0.0625","1.697061538696289","0.0"
"0.20175589621067047","0.8125","0.42889565229415894","0.0625","1.5061908960342407","0.0"
"0.13018077611923218","0.875","0.40281766653060913","0.0625","1.6206388473510742","0.0"
"0.041725389659404755","0.9375","0.5843472480773926","0.0625","1.7938103675842285","0.0"
"0.22997234761714935","0.875","0.43550267815589905","0.0625","1.469455599784851","0.0"
"0.38181549310684204","0.8125","0.43178609013557434","0.0625","1.4492433071136475","0.0"
"0.16831523180007935","0.875","0.5699840784072876","0.0625","1.7973668575286865","0.0"
"1.5139578580856323","0.3541666567325592","0.5217282772064209","0.0625","1.523911714553833","0.0"
"0.06337861716747284","0.9375","0.5810211896896362","0.0625","1.8090568780899048","0.0"
"0.2174319177865982","0.875","0.5001940131187439","0.0625","1.6416696310043335","0.0"
"0.11354553699493408","0.9375","0.5090705156326294","0.0625","1.694210410118103","0.0"
"0.17205123603343964","0.875","0.42971086502075195","0.0625","1.6335086822509766","0.0"
"0.0500684529542923","0.9375","0.4397468566894531","0.0625","1.980277419090271","0.0"
"0.18574070930480957","0.875","0.46867525577545166","0.0625","1.7209174633026123","0.0"
"0.07148381322622299","0.9375","0.5927079916000366","0.0625","1.6110014915466309","0.0"
"0.09718479961156845","0.9375","0.4857117235660553","0.0625","1.7360059022903442","0.0"
"0.14047330617904663","0.9375","0.4641990065574646","0.0625","1.586524248123169","0.0"
"1.850738525390625","0.3541666567325592","0.5051273703575134","0.0625","1.6286373138427734","0.0"
"0.1162908524274826","0.9375","0.41287127137184143","0.0625","1.8994135856628418","0.0"
"0.11445676535367966","0.9375","0.4505211412906647","0.0625","1.8572125434875488","0.0"
"0.19193372130393982","0.8125","0.43288975954055786","0.0625","1.6307933330535889","0.0"
"0.06426693499088287","0.9375","0.49878382682800293","0.0625","1.6138148307800293","0.0"
"0.15470044314861298","0.9375","0.5672765970230103","0.0625","1.535656452178955","0.0"
"0.08190316706895828","0.9375","0.5559870004653931","0.0","1.6142280101776123","0.0"
"0.06774330884218216","0.9375","0.34764671325683594","0.0625","1.6511784791946411","0.0"
"0.09848231077194214","0.9375","0.3201966881752014","0.0625","1.633713960647583","0.0"
"0.12129992246627808","0.9375","0.45061206817626953","0.0625","1.7532362937927246","0.0"
"1.832961916923523","0.3125","0.49746716022491455","0.0625","1.540878176689148","0.0"
"0.1031700074672699","0.9375","0.46402284502983093","0.0625","1.7413617372512817","0.0"
"0.22488173842430115","0.875","0.513324499130249","0.0625","1.70272958278656","0.0"
"0.05929822474718094","0.9375","0.4818096160888672","0.0625","1.3769854307174683","0.0"
"0.12793685495853424","0.875","0.49731960892677307","0.0625","1.6363935470581055","0.0"
"0.09248054027557373","0.9375","0.4799925684928894","0.0625","1.6966094970703125","0.0"
"0.14422397315502167","0.875","0.5167763829231262","0.0","1.6835503578186035","0.0"
"0.1280747503042221","0.875","0.4051823616027832","0.0625","1.7309813499450684","0.0"
"0.11127470433712006","0.875","0.5184271335601807","0.0625","1.5010788440704346","0.0"
"0.09357531368732452","0.9375","0.4797273278236389","0.0625","1.243718147277832","0.0"
"1.7273448705673218","0.3125","0.4980131983757019","0.0625","1.5163596868515015","0.0"
"0.07446084916591644","0.9375","0.339169442653656","0.0625","1.3892645835876465","0.0"
"0.0831056609749794","0.9375","0.418411523103714","0.0625","1.4613802433013916","0.0"
"0.12829811871051788","0.9375","0.521730363368988","0.0625","1.5693483352661133","0.0"
"0.11165599524974823","0.9375","0.4518795311450958","0.0625","1.6282660961151123","0.0"
"0.0830933004617691","0.9375","0.5287922620773315","0.0625","1.818563461303711","0.0"
"0.12509185075759888","0.9375","0.47374850511550903","0.0625","1.6926159858703613","0.0"
"0.053149595856666565","0.9375","0.48817649483680725","0.0625","1.480137586593628","0.0"
"0.1588873267173767","0.9375","0.37584084272384644","0.0625","1.592665433883667","0.0"
"0.11133672297000885","0.9375","0.45744961500167847","0.0625","1.6001449823379517","0.0"
"1.8471122980117798","0.3541666567325592","0.5698639750480652","0.0625","1.8127964735031128","0.0"
"0.1256413757801056","0.875","0.5195574760437012","0.0625","1.557952880859375","0.0"
"0.07468192279338837","0.9375","0.4846501052379608","0.0625","1.4704220294952393","0.0"
"0.25645697116851807","0.75","0.45984500646591187","0.0625","1.5036883354187012","0.0"
"0.06125546619296074","0.9375","0.3946112394332886","0.0625","1.6494423151016235","0.0"
"0.060830697417259216","0.9375","0.5042620897293091","0.0625","1.833552598953247","0.0"
"0.12265601754188538","0.9375","0.4632571041584015","0.0625","1.6699249744415283","0.0"
"0.1006728857755661","0.875","0.46372589468955994","0.0625","1.7442138195037842","0.0"
"0.09999518096446991","0.9375","0.5439068078994751","0.0","1.5072376728057861","0.0"
"0.13007918000221252","0.9375","0.574646532535553","0.0625","1.4171106815338135","0.0"
"2.0057568550109863","0.3333333432674408","0.4632264971733093","0.0625","1.5638219118118286","0.0"
"0.055237192660570145","0.9375","0.46710795164108276","0.0625","1.5824637413024902","0.0"
"0.13171260058879852","0.875","0.4611055254936218","0.0625","1.478989839553833","0.0"
"0.08634472638368607","0.9375","0.53211510181427","0.0625","1.6184319257736206","0.0"
"0.09676513075828552","0.9375","0.4892619252204895","0.0625","1.600483775138855","0.0"
"0.054471634328365326","0.9375","0.43930211663246155","0.0625","1.6747350692749023","0.0"
"0.1165744811296463","0.9375","0.4019814133644104","0.0625","1.505626916885376","0.0"
"0.14069393277168274","0.9375","0.6442311406135559","0.0625","1.652374029159546","0.0"
"0.11823225766420364","0.875","0.39896857738494873","0.0625","1.4534931182861328","0.0"
"0.16451223194599152","0.875","0.4984092712402344","0.0625","1.2772507667541504","0.0"
"1.9506772756576538","0.3333333432674408","0.4258122444152832","0.0625","1.371935486793518","0.0"
"0.05415976047515869","0.9375","0.43029728531837463","0.0625","1.4125910997390747","0.0"
"0.07508253306150436","0.9375","0.42045286297798157","0.0625","1.6086397171020508","0.0"
"0.07689419388771057","0.9375","0.34955042600631714","0.0625","1.5827802419662476","0.0"
"0.1276671141386032","0.9375","0.4339229464530945","0.0625","1.8097186088562012","0.0"
"0.1539800465106964","0.9375","0.43616679310798645","0.0625","1.5927717685699463","0.0"
"0.11682654917240143","0.9375","0.4502338171005249","0.0625","1.467115879058838","0.0"
"0.08480971306562424","0.9375","0.4087256193161011","0.0625","1.4524555206298828","0.0"
"0.07737462967634201","0.9375","0.4419305920600891","0.0625","1.690392255783081","0.0"
"0.06681544333696365","0.9375","0.5014299154281616","0.0625","1.946793556213379","0.0"
"1.6949785947799683","0.3541666567325592","0.4072135090827942","0.0625","1.7176744937896729","0.0"
"0.09788943827152252","0.9375","0.4543694257736206","0.0625","1.6020618677139282","0.0"
"0.1643865704536438","0.9375","0.6055788993835449","0.0625","1.8214819431304932","0.0"
"0.04566372185945511","0.9375","0.4029223918914795","0.0625","1.8167563676834106","0.0"
"0.19100260734558105","0.875","0.5037661790847778","0.0","1.8221395015716553","0.0"
"0.16493411362171173","0.9375","0.4344645142555237","0.0625","1.5848149061203003","0.0"
"0.1408742368221283","0.875","0.435371994972229","0.0625","1.5679000616073608","0.0"
"0.09292399883270264","0.9375","0.4178665280342102","0.0625","1.5508453845977783","0.0"
"0.18686433136463165","0.875","0.4117555022239685","0.0625","1.6579310894012451","0.0"
"0.06817731261253357","0.9375","0.3870193362236023","0.0625","1.394355058670044","0.0"
"1.7081655263900757","0.3541666567325592","0.44546130299568176","0.0625","1.574965476989746","0.0"
"0.11705655604600906","0.9375","0.40711313486099243","0.0625","1.573160171508789","0.0"
"0.11384762078523636","0.875","0.47485965490341187","0.0","1.4102870225906372","0.0"
"0.18972855806350708","0.9375","0.4403906464576721","0.0625","1.459254264831543","0.0"
"0.11024083197116852","0.9375","0.42614585161209106","0.0625","1.3778146505355835","0.0"
"0.06969591230154037","0.9375","0.44802019000053406","0.0625","1.6864712238311768","0.0"
"0.05525338649749756","0.9375","0.4262765347957611","0.0625","1.7393672466278076","0.0"
"0.06546834111213684","0.9375","0.4573556184768677","0.0625","1.7811954021453857","0.0"
"0.02657167986035347","0.9375","0.4404292702674866","0.0625","1.6274800300598145","0.0"
"0.0762770026922226","0.9375","0.4222525656223297","0.0625","1.5562862157821655","0.0"
"1.6583808660507202","0.3541666567325592","0.6034637689590454","0.0","1.8156219720840454","0.0"
"0.0491156131029129","0.9375","0.4093462824821472","0.0625","1.8198741674423218","0.0"
"0.09313572198152542","0.9375","0.4594355821609497","0.0625","1.765152931213379","0.0"
"0.050177112221717834","0.9375","0.44716599583625793","0.0625","1.8137495517730713","0.0"
"0.09686348587274551","0.9375","0.42813944816589355","0.0625","1.9005491733551025","0.0"
"0.21810448169708252","0.8125","0.4397852420806885","0.0625","1.6349537372589111","0.0"
"0.05893564596772194","0.9375","0.5580747127532959","0.0625","1.5124037265777588","0.0"
"0.09655366092920303","0.9375","0.4037388861179352","0.0625","1.6590609550476074","0.0"
"0.12492195516824722","0.9375","0.48162269592285156","0.0625","1.6308581829071045","0.0"
"0.06930816173553467","0.9375","0.5112959146499634","0.0625","1.5828444957733154","0.0"
"1.6725341081619263","0.3541666567325592","0.5325282216072083","0.0625","1.6000659465789795","0.0"
"0.06796707957983017","0.9375","0.41724804043769836","0.0625","1.5204722881317139","0.0"
"0.12521734833717346","0.9375","0.397363543510437","0.0625","1.663185715675354","0.0"
"0.10704286396503448","0.9375","0.4776875078678131","0.0625","1.8138582706451416","0.0"
"0.052469559013843536","0.9375","0.3694798946380615","0.0625","1.9113993644714355","0.0"
"0.04259701073169708","0.9375","0.45465126633644104","0.0625","1.6984171867370605","0.0"
"0.1203274056315422","0.875","0.4370075464248657","0.0625","1.8663049936294556","0.0"
"0.06936546415090561","0.9375","0.4079960882663727","0.0625","1.6316132545471191","0.0"
"0.08980482816696167","0.9375","0.43182480335235596","0.0625","1.7593657970428467","0.0"
"0.1418655663728714","0.9375","0.45444121956825256","0.0625","1.7187519073486328","0.0"
"1.8870717287063599","0.3541666567325592","0.5038526058197021","0.0625","1.8293051719665527","0.0"
"0.12465351819992065","0.9375","0.4461405277252197","0.0625","1.749282956123352","0.0"
"0.06772053986787796","0.9375","0.36139196157455444","0.0625","1.631417989730835","0.0"
"0.07501282542943954","0.9375","0.4047349989414215","0.0625","1.673345685005188","0.0"
"0.07495158165693283","0.9375","0.4050954282283783","0.0625","1.5660991668701172","0.0"
"0.06537580490112305","0.9375","0.4165571928024292","0.0625","1.703950047492981","0.0"
"0.051158126443624496","0.9375","0.5281553864479065","0.0625","1.7060370445251465","0.0"
"0.14985719323158264","0.9375","0.5258193016052246","0.0625","1.625017762184143","0.0"
"0.12708920240402222","0.9375","0.43213707208633423","0.0625","1.7668890953063965","0.0"
"0.04934440553188324","0.9375","0.3902456760406494","0.0625","1.5763404369354248","0.0"
"1.6748543977737427","0.3541666567325592","0.44850194454193115","0.0625","1.8775334358215332","0.0"
"0.051603417843580246","0.9375","0.47357577085494995","0.0625","1.6854169368743896","0.0"
"0.036704789847135544","0.9375","0.3827812671661377","0.0625","1.4911481142044067","0.0"
"0.038205813616514206","0.9375","0.42742377519607544","0.0625","1.9390087127685547","0.0"
"0.0840979665517807","0.9375","0.43161946535110474","0.0625","1.6897590160369873","0.0"
"0.1880369782447815","0.875","0.4312256872653961","0.0625","1.743599534034729","0.0"
"0.07341663539409637","0.9375","0.305324912071228","0.0625","1.9801547527313232","0.0"
"0.10138280689716339","0.9375","0.37792903184890747","0.0625","1.8289062976837158","0.0"
"0.16806377470493317","0.875","0.5286768078804016","0.0625","1.414484977722168","0.0"
"0.05736988037824631","0.9375","0.3873768746852875","0.0625","1.7891945838928223","0.0"
"1.9314178228378296","0.3541666567325592","0.3989924490451813","0.0625","1.832575798034668","0.0"
"0.07572916895151138","0.9375","0.43493226170539856","0.0625","1.990485668182373","0.0"
"0.06168612465262413","0.9375","0.4389590620994568","0.0625","1.8747467994689941","0.0"
"0.08216772973537445","0.9375","0.5029420852661133","0.0625","1.918215274810791","0.0"
"0.08138023316860199","0.9375","0.4949175715446472","0.0625","1.7298352718353271","0.0"
"0.10321521759033203","0.875","0.45723360776901245","0.0625","1.6718456745147705","0.0"
"0.039224255830049515","0.9375","0.5074506402015686","0.0625","1.6079692840576172","0.0"
"0.20789942145347595","0.9375","0.4518432021141052","0.0625","1.53327214717865","0.0"
"0.06101095676422119","0.9375","0.3961939215660095","0.0625","1.6482396125793457","0.0"
"0.1877608597278595","0.875","0.48807018995285034","0.0625","1.8712711334228516","0.0"
"1.5520614385604858","0.3541666567325592","0.5000925660133362","0.0625","1.8237245082855225","0.0"
"0.12671051919460297","0.875","0.4145124852657318","0.0625","1.7867252826690674","0.0"
"0.13435755670070648","0.875","0.513534665107727","0.0625","1.656254768371582","0.0"
"0.09152234345674515","0.9375","0.545225977897644","0.0","1.625340223312378","0.0"
"0.064427450299263","0.9375","0.4569849669933319","0.0625","1.6532130241394043","0.0"
"0.08677458763122559","0.9375","0.44207990169525146","0.0625","1.9478204250335693","0.0"
"0.1265093982219696","0.875","0.5168154239654541","0.0625","1.6910309791564941","0.0"
"0.06438680738210678","0.9375","0.37888795137405396","0.0625","1.6199268102645874","0.0"
"0.053434133529663086","0.9375","0.4094856381416321","0.0625","1.7792539596557617","0.0"
"0.046526677906513214","0.9375","0.4711792767047882","0.0625","1.7371063232421875","0.0"
"1.618087649345398","0.3541666567325592","0.4598621129989624","0.0625","1.6759922504425049","0.0"
"0.06693525612354279","0.9375","0.4176482558250427","0.0625","1.5689785480499268","0.0"
"0.04950462281703949","0.9375","0.4064522981643677","0.0625","1.6606101989746094","0.0"
"0.09369514882564545","0.9375","0.3396914601325989","0.0625","1.8358255624771118","0.0"
"0.10132533311843872","0.875","0.4274822175502777","0.0625","1.6695504188537598","0.0"
"0.1297825127840042","0.9375","0.39513683319091797","0.0625","1.7980165481567383","0.0"
"0.04472288489341736","0.9375","0.4593530297279358","0.0625","1.7425546646118164","0.0"
"0.0765531063079834","0.9375","0.49184703826904297","0.0625","1.466459035873413","0.0"
"0.08834084123373032","0.9375","0.4227852523326874","0.0625","1.8885003328323364","0.0"
"0.07213018834590912","0.9375","0.3831598460674286","0.0625","1.9763367176055908","0.0"
"1.5138955116271973","0.3541666567325592","0.41683343052864075","0.0625","1.8148753643035889","0.0"
"0.03367382287979126","0.9375","0.5495245456695557","0.0625","1.7791285514831543","0.0"
"0.05582953989505768","0.9375","0.43501484394073486","0.0","1.9586265087127686","0.0"
"0.052205219864845276","0.9375","0.37710341811180115","0.0625","1.6739962100982666","0.0"
"0.031602200120687485","0.9375","0.4861582815647125","0.0625","1.8110061883926392","0.0"
"0.04339856654405594","0.9375","0.4830291271209717","0.0625","1.8322328329086304","0.0"
"0.06870491057634354","0.9375","0.4895225763320923","0.0625","1.9224131107330322","0.0"
"0.1153879314661026","0.9375","0.47579848766326904","0.0625","1.7509589195251465","0.0"
"0.07771873474121094","0.9375","0.5543575286865234","0.0625","1.8566604852676392","0.0"
"0.040515027940273285","0.9375","0.38517946004867554","0.0625","1.7112200260162354","0.0"
"1.6601004600524902","0.3541666567325592","0.41220617294311523","0.0625","1.6580004692077637","0.0"
"0.14911401271820068","0.8125","0.4867071509361267","0.0625","1.7068341970443726","0.0"
"0.12262289226055145","0.9375","0.4361726939678192","0.0625","1.8064813613891602","0.0"
"0.11036287248134613","0.875","0.41597166657447815","0.0625","1.6189162731170654","0.0"
"0.04041494429111481","0.9375","0.4544619619846344","0.0625","1.6541781425476074","0.0"
"0.042049702256917953","0.9375","0.5093882083892822","0.0625","1.8440624475479126","0.0"
"0.06627248227596283","0.9375","0.5146949291229248","0.0625","1.6486544609069824","0.0"
"0.055076465010643005","0.9375","0.42959094047546387","0.0625","1.7243595123291016","0.0"
"0.07002171874046326","0.9375","0.4385581612586975","0.0625","1.572209119796753","0.0"
"0.0444231815636158","0.9375","0.33989179134368896","0.0625","1.5809674263000488","0.0"
"1.6209052801132202","0.3541666567325592","0.381916880607605","0.0625","1.6293752193450928","0.0"
"0.07342073321342468","0.9375","0.4233090281486511","0.0625","1.7995569705963135","0.0"
"0.11393075436353683","0.9375","0.4579690396785736","0.0625","1.6508967876434326","0.0"
"0.02993190661072731","0.9375","0.3865128457546234","0.0625","1.6300036907196045","0.0"
"0.061050452291965485","0.9375","0.4567119777202606","0.0625","1.7149684429168701","0.0"
"0.0631353110074997","0.9375","0.4370889663696289","0.0625","1.7427616119384766","0.0"
"0.1001930683851242","0.9375","0.3107096552848816","0.0625","1.7602256536483765","0.0"
"0.11272865533828735","0.9375","0.5015949606895447","0.0625","1.853635549545288","0.0"
"0.06876921653747559","0.9375","0.48284220695495605","0.0625","1.6917178630828857","0.0"
"0.07366824150085449","0.9375","0.4784432649612427","0.0625","1.740159511566162","0.0"
"1.8129371404647827","0.3541666567325592","0.4527006447315216","0.0625","1.817752480506897","0.0"
"0.06990931183099747","0.9375","0.45212456583976746","0.0625","1.7939355373382568","0.0"
"0.06137557327747345","0.9375","0.4338041841983795","0.0625","1.8548778295516968","0.0"
"0.05458395928144455","0.9375","0.4708162844181061","0.0625","1.7172188758850098","0.0"
"0.05008875951170921","0.9375","0.3516102433204651","0.0625","1.8864858150482178","0.0"
"0.039317093789577484","0.9375","0.41211020946502686","0.0625","1.7365885972976685","0.0"
"0.10095661133527756","0.875","0.4257187247276306","0.0625","1.5146702527999878","0.0"
"0.11640868335962296","0.875","0.438396155834198","0.0625","1.6062068939208984","0.0"
"0.07029281556606293","0.9375","0.42941993474960327","0.0625","1.508354663848877","0.0"
"0.06280431896448135","0.9375","0.4522162675857544","0.0625","1.4915375709533691","0.0"
"1.7321810722351074","0.3333333432674408","0.43759045004844666","0.0625","1.5996909141540527","0.0"
"0.028912274166941643","0.9375","0.44548213481903076","0.0625","1.485655665397644","0.0"
"0.07654666155576706","0.9375","0.47687339782714844","0.0625","1.5943818092346191","0.0"
"0.053030941635370255","0.9375","0.47888123989105225","0.0625","1.4354548454284668","0.0"
"0.08645225316286087","0.9375","0.43564313650131226","0.0625","1.5723880529403687","0.0"
"0.0675370916724205","0.9375","0.36154699325561523","0.0625","1.6690855026245117","0.0"
"0.08482439070940018","0.9375","0.39374852180480957","0.0625","1.7019490003585815","0.0"
"0.01921725645661354","0.9375","0.4193309545516968","0.0625","1.621845006942749","0.0"
"0.06479261070489883","0.9375","0.4524429440498352","0.0625","1.7245430946350098","0.0"
"0.031143514439463615","0.9375","0.3881348967552185","0.0625","1.4910051822662354","0.0"
"1.742016315460205","0.3541666567325592","0.36099210381507874","0.0625","1.6067407131195068","0.0"
"0.07758951187133789","0.9375","0.4241395890712738","0.0625","1.580566644668579","0.0"
"0.06671036779880524","0.9375","0.3601181209087372","0.0625","1.5311963558197021","0.0"
"0.05155664682388306","0.9375","0.4147755205631256","0.0625","1.7163989543914795","0.0"
"0.04762100428342819","0.9375","0.4650275707244873","0.0625","1.5214025974273682","0.0"
"0.08367647230625153","0.9375","0.408608615398407","0.0625","1.6091358661651611","0.0"
"0.0627761036157608","0.9375","0.4209091067314148","0.0625","1.5850045680999756","0.0"
"0.09643137454986572","0.9375","0.454698383808136","0.0625","1.6207804679870605","0.0"
"0.030942801386117935","0.9375","0.4175730347633362","0.0625","1.7772059440612793","0.0"
"0.07530852407217026","0.9375","0.4011681079864502","0.0625","1.9196887016296387","0.0"
"1.6311908960342407","0.3541666567325592","0.4986385703086853","0.0625","1.8031771183013916","0.0"
"0.0593629889190197","0.9375","0.39525800943374634","0.0625","1.754570722579956","0.0"
"0.06057628244161606","0.9375","0.46825748682022095","0.0625","1.8232412338256836","0.0"
"0.042987894266843796","0.9375","0.4025436341762543","0.0625","1.7407442331314087","0.0"
"0.13352365791797638","0.875","0.43661001324653625","0.0625","1.6255348920822144","0.0"
"0.0882263109087944","0.9375","0.3891785144805908","0.0625","1.8475134372711182","0.0"
"0.010238980874419212","0.9375","0.4747963547706604","0.0625","1.7465072870254517","0.0"
"0.08784250915050507","0.9375","0.3949962556362152","0.0625","1.9662351608276367","0.0"
"0.04540766030550003","0.9375","0.3637892007827759","0.0625","1.8719100952148438","0.0"
"0.06749235838651657","0.9375","0.42702004313468933","0.0625","1.5563926696777344","0.0"
"1.8430122137069702","0.3541666567325592","0.4889010190963745","0.0625","1.768383502960205","0.0"
"0.05810447037220001","0.9375","0.42821991443634033","0.0625","1.7744801044464111","0.0"
"0.060845695436000824","0.9375","0.44227495789527893","0.0625","1.6851089000701904","0.0"
"0.09693111479282379","0.9375","0.43179506063461304","0.0625","1.664116382598877","0.0"
"0.0368172861635685","0.9375","0.45611733198165894","0.0","1.7370336055755615","0.0"
"0.04378778114914894","0.9375","0.3776276111602783","0.0625","1.738399863243103","0.0"
"0.10748019814491272","0.9375","0.35740286111831665","0.0625","1.9001458883285522","0.0"
"0.101066954433918","0.9375","0.4155101180076599","0.0625","1.8618674278259277","0.0"
"0.03331361711025238","0.9375","0.35717490315437317","0.0625","2.0037965774536133","0.0"
"0.021558964625000954","0.9375","0.4216430187225342","0.0625","1.8788084983825684","0.0"
"1.344521164894104","0.3541666567325592","0.45294058322906494","0.0625","1.9760699272155762","0.0"
"0.05220950394868851","0.9375","0.4565626084804535","0.0625","2.1647377014160156","0.0"
"0.030412707477808","0.9375","0.41772347688674927","0.0625","1.9848898649215698","0.0"
"0.04272836446762085","0.9375","0.4438328146934509","0.0625","1.8160061836242676","0.0"
"0.07022269070148468","0.9375","0.41978609561920166","0.0625","1.7640269994735718","0.0"
"0.07695826143026352","0.9375","0.450764924287796","0.0625","1.8402583599090576","0.0"
"0.06807491928339005","0.9375","0.44864749908447266","0.0625","1.9141602516174316","0.0"
"0.09643647074699402","0.9375","0.41955435276031494","0.0625","1.8408122062683105","0.0"
"0.05012819916009903","0.9375","0.5222293138504028","0.0625","2.086003303527832","0.0"
"0.0650612860918045","0.9375","0.3457510471343994","0.0625","2.0901050567626953","0.0"
"1.305219054222107","0.3541666567325592","0.4459233283996582","0.0625","1.964919090270996","0.0"
"0.1616956889629364","0.875","0.40328559279441833","0.0625","1.749810814857483","0.0"
"0.13014958798885345","0.875","0.44045764207839966","0.0625","1.80881667137146","0.0"
"0.06935829669237137","0.9375","0.3657485246658325","0.0625","1.7877740859985352","0.0"
"0.03542488068342209","0.9375","0.45108845829963684","0.0625","1.7493064403533936","0.0"
"0.036828652024269104","0.9375","0.4978950619697571","0.0625","1.7532435655593872","0.0"
"0.07112208753824234","0.9375","0.4290625751018524","0.0625","1.845266342163086","0.0"
"0.06259287148714066","0.9375","0.4309380352497101","0.0625","2.035189390182495","0.0"
"0.04652129486203194","0.9375","0.48110148310661316","0.0625","1.8584887981414795","0.0"
"0.11765475571155548","0.875","0.3616185784339905","0.0625","1.9743529558181763","0.0"
"1.7108591794967651","0.3541666567325592","0.4579471945762634","0.0625","1.9002151489257812","0.0"
"0.028591126203536987","0.9375","0.4090345799922943","0.0625","1.9487504959106445","0.0"
"0.06438355892896652","0.9375","0.3648308515548706","0.0625","1.8503355979919434","0.0"
"0.04871922731399536","0.9375","0.44002407789230347","0.0625","1.8615171909332275","0.0"
"0.041823673993349075","0.9375","0.42603927850723267","0.0625","2.0056042671203613","0.0"
"0.07015377283096313","0.9375","0.3974533677101135","0.0625","1.8234198093414307","0.0"
"0.12155736982822418","0.9375","0.4626053273677826","0.0625","2.016451358795166","0.0"
"0.10271662473678589","0.9375","0.4011164605617523","0.0625","2.0897371768951416","0.0"
"0.03882240504026413","0.9375","0.4259815216064453","0.0625","2.1085705757141113","0.0"
"0.06895057111978531","0.9375","0.39481210708618164","0.0625","2.080153465270996","0.0"
"1.3382560014724731","0.3541666567325592","0.4932635724544525","0.0625","2.0939602851867676","0.0"
"0.04884832724928856","0.9375","0.3760949969291687","0.0625","2.2347259521484375","0.0"
"0.10386518388986588","0.9375","0.5408469438552856","0.0625","2.044654130935669","0.0"
"0.06624314188957214","0.9375","0.45753157138824463","0.0625","2.203038215637207","0.0"
"0.07674484699964523","0.9375","0.35262611508369446","0.0625","1.8263585567474365","0.0"
"0.069022998213768","0.9375","0.44184398651123047","0.0625","2.198272705078125","0.0"
"0.029404621571302414","0.9375","0.48572710156440735","0.0625","1.9094109535217285","0.0"
"0.06083875894546509","0.9375","0.48071056604385376","0.0625","2.2687206268310547","0.0"
"0.0768805518746376","0.9375","0.49605920910835266","0.0625","1.8934818506240845","0.0"
"0.050841059535741806","0.9375","0.4230024814605713","0.0625","1.7366626262664795","0.0"
"1.2334966659545898","0.3541666567325592","0.35071200132369995","0.0625","2.0373148918151855","0.0"
"0.055380526930093765","0.9375","0.4737585783004761","0.0625","2.11034893989563","0.0"
"0.031977780163288116","0.9375","0.5047858953475952","0.0625","1.8526744842529297","0.0"
"0.04848574846982956","0.9375","0.3640647232532501","0.0625","1.9439008235931396","0.0"
"0.04151615872979164","0.9375","0.42204219102859497","0.0625","2.0018744468688965","0.0"
"0.10950174927711487","0.9375","0.4331626296043396","0.0625","2.0233516693115234","0.0"
"0.02648291550576687","0.9375","0.40724650025367737","0.0625","2.050480365753174","0.0"
"0.043294358998537064","0.9375","0.3668578565120697","0.0625","1.9817681312561035","0.0"
"0.12541544437408447","0.9375","0.4250781238079071","0.0625","1.954200267791748","0.0"
"0.033088553696870804","0.9375","0.38781213760375977","0.0625","2.1233110427856445","0.0"
"0.9806695580482483","0.3541666567325592","0.43074849247932434","0.0625","1.8985960483551025","0.0"
"0.04892788082361221","0.9375","0.41262513399124146","0.0625","2.0078518390655518","0.0"
"0.04690157249569893","0.9375","0.3952513337135315","0.0625","1.9282279014587402","0.0"
"0.13672247529029846","0.9375","0.44772475957870483","0.0625","1.964914083480835","0.0"
"0.04995531961321831","0.9375","0.461177259683609","0.0625","1.99839186668396","0.0"
"0.054431892931461334","0.9375","0.40075936913490295","0.0625","1.9126031398773193","0.0"
"0.09025902301073074","0.9375","0.3956356644630432","0.0625","1.896662712097168","0.0"
"0.04845910519361496","0.9375","0.4155832529067993","0.0625","1.9676716327667236","0.0"
"0.04373443126678467","0.9375","0.4861403703689575","0.0625","1.9663753509521484","0.0"
"0.04149013012647629","0.9375","0.40343615412712097","0.0625","1.956540584564209","0.0"
"0.7221366763114929","0.3541666567325592","0.4362766742706299","0.0625","1.8062562942504883","0.0"
"0.05281607434153557","0.9375","0.39213502407073975","0.0625","1.921298623085022","0.0"
"0.047042008489370346","0.9375","0.46258968114852905","0.0625","1.8136379718780518","0.0"
"0.05789368599653244","0.9375","0.3739379048347473","0.0625","1.903306484222412","0.0"
"0.059506986290216446","0.9375","0.44023579359054565","0.0625","1.8324313163757324","0.0"
"0.0799858570098877","0.9375","0.4111979901790619","0.0625","1.6729258298873901","0.0"
"0.059430379420518875","0.9375","0.40266722440719604","0.0625","1.718876600265503","0.0"
"0.051028307527303696","0.9375","0.4471832513809204","0.0625","1.8976166248321533","0.0"
"0.04971930384635925","0.9375","0.534304141998291","0.0625","1.8820054531097412","0.0"
"0.07381261885166168","0.9375","0.42832791805267334","0.0625","2.044586420059204","0.0"
"0.8958330750465393","0.3541666567325592","0.47419533133506775","0.0625","1.886573076248169","0.0"
"0.043533507734537125","0.9375","0.4493729770183563","0.0625","2.0128517150878906","0.0"
"0.015828082337975502","0.9375","0.44516217708587646","0.0625","1.8617222309112549","0.0"
"0.09197504073381424","0.9375","0.4506581425666809","0.0625","1.8091061115264893","0.0"
"0.05445604398846626","0.9375","0.44117873907089233","0.0625","1.7459176778793335","0.0"
"0.0463218130171299","0.9375","0.4396810531616211","0.0625","2.0672364234924316","0.0"
"0.076847143471241","0.9375","0.4627367854118347","0.0625","1.8299261331558228","0.0"
"0.09837779402732849","0.9375","0.43355900049209595","0.0625","1.6886398792266846","0.0"
"0.041580889374017715","0.9375","0.3896830081939697","0.0625","1.7724144458770752","0.0"
"0.06764663755893707","0.9375","0.4955819249153137","0.0625","1.8205125331878662","0.0"
"0.8476856350898743","0.3541666567325592","0.43696728348731995","0.0625","1.9358850717544556","0.0"
"0.0430629700422287","0.9375","0.408843994140625","0.0625","1.8103199005126953","0.0"
"0.06848762929439545","0.9375","0.4184998571872711","0.0625","1.792553186416626","0.0"
"0.03575391322374344","0.9375","0.41672852635383606","0.0625","1.9361082315444946","0.0"
"0.040533509105443954","0.9375","0.49810275435447693","0.0625","1.7627944946289062","0.0"
"0.03432710841298103","0.9375","0.4239317774772644","0.0625","1.850271463394165","0.0"
"0.06264594197273254","0.9375","0.4506322145462036","0.0625","1.8204013109207153","0.0"
"0.0451272614300251","0.9375","0.4032975733280182","0.0625","1.936045527458191","0.0"
"0.05155600234866142","0.9375","0.44851958751678467","0.0625","1.9744763374328613","0.0"
"0.07196509093046188","0.9375","0.4806840121746063","0.0625","1.8666136264801025","0.0"
"0.761629581451416","0.3541666567325592","0.47835415601730347","0.0625","1.7378122806549072","0.0"
"0.08459924161434174","0.9375","0.34436726570129395","0.0625","1.866432547569275","0.0"
"0.042683862149715424","0.9375","0.40565550327301025","0.0625","1.5392425060272217","0.0"
"0.04141972213983536","0.9375","0.4391806125640869","0.0625","1.628982424736023","0.0"
"0.17702201008796692","0.9375","0.3739445209503174","0.0625","1.949393630027771","0.0"
"0.04535144940018654","0.9375","0.43094003200531006","0.0625","1.9039057493209839","0.0"
"0.04715139791369438","0.9375","0.35402360558509827","0.0625","1.94891357421875","0.0"
"0.04303424805402756","0.9375","0.37264662981033325","0.0625","2.003422737121582","0.0"
"0.048358358442783356","0.9375","0.4498082101345062","0.0625","1.88187575340271","0.0"
"0.021357277408242226","0.9375","0.36607497930526733","0.0625","1.8132174015045166","0.0"
"0.8802654147148132","0.3541666567325592","0.46096205711364746","0.0625","1.8218538761138916","0.0"
"0.02672686241567135","0.9375","0.42231321334838867","0.0625","1.7427690029144287","0.0"
"0.05035235732793808","0.9375","0.38660669326782227","0.0625","1.8466808795928955","0.0"
"0.07377120852470398","0.9375","0.4091271758079529","0.0625","1.8226361274719238","0.0"
"0.05595158040523529","0.9375","0.3942742645740509","0.0625","1.7790794372558594","0.0"
"0.06869633495807648","0.9375","0.4560355842113495","0.0625","1.696887731552124","0.0"
"0.11309145390987396","0.9375","0.4679805636405945","0.0625","1.6878600120544434","0.0"
"0.03583073988556862","0.9375","0.4068353474140167","0.0625","1.642246961593628","0.0"
"0.05612535402178764","0.9375","0.42079925537109375","0.0625","1.6896741390228271","0.0"
"0.07173944264650345","0.9375","0.4186190068721771","0.0625","1.6549402475357056","0.0"
"1.06106698513031","0.3541666567325592","0.38740959763526917","0.0625","1.7243967056274414","0.0"
"0.04272304102778435","0.9375","0.42645809054374695","0.0625","1.6820482015609741","0.0"
"0.04148559644818306","0.9375","0.42476609349250793","0.0625","1.7558929920196533","0.0"
"0.0396495945751667","0.9375","0.35735607147216797","0.0625","1.852269172668457","0.0"
"0.06384298205375671","0.9375","0.5025726556777954","0.0625","1.6206917762756348","0.0"
"0.0410938560962677","0.9375","0.3486766219139099","0.0625","1.8260886669158936","0.0"
"0.04238808527588844","0.9375","0.4104464650154114","0.0625","1.677100419998169","0.0"
"0.03873009979724884","0.9375","0.4787404239177704","0.0625","1.866276741027832","0.0"
"0.031036648899316788","0.9375","0.37283164262771606","0.0625","1.7513246536254883","0.0"
"0.09142085909843445","0.9375","0.42815911769866943","0.0625","1.6482844352722168","0.0"
