"dis_loss_real","dis_loss_real_img","dis_loss_real_txt","dis_acc_real_img","dis_acc_real_txt","dis_loss_fake","dis_loss_fake_img","dis_loss_fake_txt","dis_acc_fake_img","dis_acc_fake_txt","gen_loss_fake","gen_loss_fake_img","gen_loss_fake_txt","gen_acc_fake_img","gen_acc_fake_txt"
"1.2786900401115417","0.6276121636231741","0.6510778963565826","0.78125","0.65625","1.476534128189087","0.7302414377530416","0.7462926904360453","0.052083333333333336","0.03125","1.3849053581555684","0.6919194459915161","0.6929858922958374","0.0","0.0"
"1.2350065509478252","0.593220998843511","0.6417855620384216","0.7847222238779068","0.6284722238779068","1.4969039758046467","0.7393356362978617","0.7575683196385702","0.0625","0.052083333333333336","1.3819684187571208","0.6891688307126363","0.6927995979785919","0.0","0.0"
"1.1414483785629272","0.5468252797921499","0.5946230888366699","0.9166666666666666","0.7708333333333334","1.4988375107447307","0.7446365654468536","0.7542009552319845","0.0625","0.041666666666666664","1.377770980199178","0.6854962805906931","0.6922746896743774","0.0","0.0"
"1.1371620694796245","0.5236962735652924","0.6134657859802246","0.9375","0.7395833333333334","1.504199783007304","0.7589956720670065","0.7452041506767273","0.0625","0.0625","1.3736830353736877","0.6819943686326345","0.6916886468728384","0.0","0.0"
"1.1052874525388081","0.5001454303661982","0.6051420271396637","0.9375","0.75","1.5057933727900188","0.7577799359957377","0.7480134069919586","0.0625","0.0625","1.3678643902142842","0.6772553523381551","0.6906090478102366","0.0","0.0"
"1.0580628911654155","0.47703904906908673","0.5810238619645437","0.9375","0.8020833333333334","1.535320480664571","0.7743219037850698","0.7609985868136088","0.0625","0.041666666666666664","1.365235189596812","0.6747375826040903","0.6904975970586141","0.0","0.0"
"1.0561243494351704","0.46884895364443463","0.5872754057248434","0.9375","0.8125","1.546546498934428","0.7870636681715647","0.7594828406969706","0.0625","0.0625","1.364742120107015","0.6748551328976949","0.6898869872093201","0.0","0.0"
"1.0330664316813152","0.4585614999135335","0.5745049218336741","0.9375","0.84375","1.5538429617881775","0.799381266037623","0.7544616957505544","0.0625","0.0625","1.3601076404253643","0.6710716982682546","0.6890359322230021","0.0","0.0"
"1.047318826119105","0.46578746537367505","0.5815313855806986","0.9375","0.8229166666666666","1.5307261943817139","0.7763298948605856","0.7543962995211283","0.0625","0.0625","1.3576186696688335","0.6698830227057139","0.6877356370290121","0.0","0.0"
"0.9988414744536082","0.45371439059575397","0.5451270739237467","0.9375","0.8854166666666666","1.546534816424052","0.7882348001003265","0.7583000262578329","0.0625","0.052083333333333336","1.3544206817944844","0.6682717005411783","0.686148981253306","0.0","0.0"
"0.9755760133266449","0.434453879793485","0.5411221186319987","0.9375","0.875","1.5607994397481282","0.7933008968830109","0.7674985329310099","0.0625","0.0625","1.3492474555969238","0.6648821731408437","0.684365302324295","0.0","0.0"
"1.0194953083992004","0.4437368263800939","0.5757584869861603","0.8402777761220932","0.7152777761220932","1.5573660929997761","0.8012563784917196","0.7561097045739492","0.0625","0.0625","1.3498275478680928","0.6666057109832764","0.6832218567530314","0.0","0.0"
"0.9678549369176229","0.4201006392637889","0.547754297653834","0.9375","0.8645833333333334","1.5637116233507793","0.8002806405226389","0.7634309728940328","0.0625","0.0625","1.3556463917096455","0.670387347539266","0.6852590640385946","0.0","0.0"
"0.9357465306917826","0.407064288854599","0.5286822319030762","0.9375","0.8854166666666666","1.5396812160809834","0.7839663922786713","0.7557148436705271","0.0625","0.0625","1.3466687401135762","0.6689540445804596","0.6777147054672241","0.0","0.0"
"0.9230007628599802","0.4018446058034897","0.5211561520894369","0.9375","0.9270833333333334","1.5393651723861694","0.7922529776891073","0.7471122046311697","0.0625","0.0625","1.3531683882077534","0.6729346414407095","0.6802337268988291","0.0","0.0"
"0.9276726643244425","0.405742143591245","0.5219305257002512","0.9375","0.8854166666666666","1.49474040667216","0.7848764061927795","0.7098640004793803","0.0625","0.0625","1.3493191401163738","0.6749604642391205","0.6743586758772532","0.0","0.0"
"0.8886440495649973","0.3857872287432353","0.5028568108876547","0.9375","0.8958333333333334","1.518299361069997","0.7913642128308614","0.7269351681073507","0.0625","0.0625","1.3478050629297893","0.6775710185368856","0.6702340443929037","0.0","0.0"
"0.9055219292640686","0.40769357482592267","0.49782835443814594","0.9375","0.8958333333333334","1.5062294403711955","0.7756901681423187","0.7305393020311991","0.0625","0.0625","1.3431413372357686","0.6793839037418365","0.6637574334939321","0.0","0.0"
"0.9001207252343496","0.3889468163251877","0.5111739039421082","0.9375","0.8958333333333334","1.5034675200780232","0.7730878094832102","0.7303797006607056","0.0625","0.0625","1.3484939138094585","0.6888746917247772","0.6596192022164663","0.0","0.0"
"0.8692944049835205","0.3694545328617096","0.4998398870229721","0.9375","0.90625","1.4936197400093079","0.7678302427132925","0.7257895072301229","0.0625","0.0625","1.3439162174860637","0.6940692365169525","0.6498469710350037","0.0","0.0"
"0.8845616976420084","0.3921371152003606","0.4924245725075404","0.9375","0.8854166666666666","1.4630833665529888","0.7620674868424734","0.7010158896446228","0.0625","0.0625","1.3269811471303303","0.6961770057678223","0.6308041413625082","0.0","0.0"
"0.9481266637643179","0.4143918852011363","0.5337347686290741","0.8125","0.7638888905445734","1.4774951537450154","0.7753873765468597","0.7021077771981558","0.0625","0.0625","1.2990901072820027","0.7072108785311381","0.5918792188167572","0.0","0.0"
"0.8490482568740845","0.36070147156715393","0.48834679027398425","0.9375","0.9166666666666666","1.4632540146509807","0.7553407549858093","0.7079132795333862","0.0625","0.0625","1.2263892690340679","0.7102816800276438","0.5161075939734777","0.0","0.0"
"0.83668252825737","0.35560465852419537","0.4810778697331746","0.9270833333333334","0.8958333333333334","1.4402198195457458","0.7537089983622233","0.6865108211835226","0.0625","0.0625","1.1094588438669841","0.7227121293544769","0.38674671451250714","0.0","0.0"
"0.8038899004459381","0.3516235450903575","0.4522663503885269","0.9375","0.90625","1.436316728591919","0.766366978486379","0.6699497203032175","0.0625","0.0625","1.0012718240420024","0.7269841531912485","0.274287648499012","0.0","0.0"
"0.7727892597516378","0.3490632623434067","0.42372598747412366","0.9375","0.9270833333333334","1.4065773288408916","0.7441413501898447","0.6624360084533691","0.0625","0.0625","0.9855329294999441","0.7395958006381989","0.2459371214111646","0.0","0.0"
"0.7562408049901327","0.3316083252429962","0.4246324847141902","0.9375","0.9270833333333334","1.351702133814494","0.7431130707263947","0.6085890531539917","0.0625","0.0625","1.0235680043697357","0.7482503255208334","0.2753176713983218","0.0","0.0"
"0.7337233821551005","0.3224604179461797","0.4112629642089208","0.9375","0.9166666666666666","1.3492608467737834","0.7300481200218201","0.6192127168178558","0.0625","0.0625","1.0054075916608174","0.76082643866539","0.24458113064368567","0.0","0.0"
"0.7223906517028809","0.328583891193072","0.3938067555427551","0.9375","0.9166666666666666","1.328901429971059","0.7262118458747864","0.6026896039644877","0.0625","0.0625","0.9802785515785217","0.7763131260871887","0.2039654329419136","0.0","0.0"
"0.6879895726839701","0.32608239849408466","0.3619071791569392","0.9270833333333334","0.9375","1.3158316413561504","0.7379052142302195","0.5779264171918234","0.0625","0.0625","1.071938842535019","0.7832470734914144","0.28869176656007767","0.0","0.0"
"0.7023794849713644","0.3323306639989217","0.37004882593949634","0.9375","0.9270833333333334","1.2351701656977336","0.7103709876537323","0.5247991581757864","0.0625","0.0625","1.0161820650100708","0.7976583937803904","0.21852365136146545","0.0","0.0"
"0.6799881358941396","0.3057510058085124","0.3742371251185735","0.8333333333333334","0.8402777761220932","1.239865203698476","0.7157365282376608","0.5241286953290304","0.0625","0.0625","1.0554555853207905","0.8218727906545004","0.23358280739436546","0.0","0.0"
"0.5676284730434418","0.26435326288143796","0.3032752176125844","0.9375","0.9270833333333334","1.1914363503456116","0.6854158639907837","0.5060204714536667","0.0625","0.0625","1.0516285300254822","0.8413612147172292","0.21026731034119925","0.0","0.0"
"0.535017341375351","0.25770340363184613","0.2773139476776123","0.9270833333333334","0.9375","1.1703139344851177","0.6891410748163859","0.4811728497346242","0.0625","0.0625","1.135382244984309","0.862913191318512","0.27246906484166783","0.0","0.0"
"0.5075591703255972","0.2598459372917811","0.24771324545145035","0.9270833333333334","0.9375","1.1386548082033794","0.665778636932373","0.4728761961062749","0.0625","0.0625","1.14341402053833","0.8872459232807159","0.25616811215877533","0.0","0.0"
"0.44974322617053986","0.23279225329558054","0.21695097535848618","0.9375","0.9375","1.0936726133028667","0.6485871970653534","0.44508541623751324","0.0625","0.0625","1.117874304453532","0.9136974612871805","0.20417684564987817","0.0","0.0"
"0.437238872051239","0.22454004238049188","0.21269882718722025","0.9375","0.9375","1.0957794785499573","0.6497223277886709","0.44605715572834015","0.0625","0.0625","1.162259856859843","0.9423367977142334","0.21992302437623343","0.0","0.0"
"0.37329146762688953","0.20533875624338785","0.16795271138350168","0.9270833333333334","0.9375","1.0659891764322917","0.6358151137828827","0.4301740874846776","0.0625","0.0625","1.2409279346466064","0.9772164324919382","0.26371150463819504","0.0","0.0"
"0.37305739521980286","0.20057502885659537","0.17248236387968063","0.9166666666666666","0.9375","1.0139441986878712","0.6079388658205668","0.406005322933197","0.0625","0.0625","1.259600301583608","1.0194052557150524","0.24019505828619003","0.0","0.0"
"0.3141460766394933","0.16989078372716904","0.144255297879378","0.9375","0.9375","1.0472278992335002","0.6093583106994629","0.437869593501091","0.0625","0.0625","1.342127005259196","1.0448147853215535","0.29731221000353497","0.0","0.0"
"0.32062989970048267","0.18143781771262488","0.13919208198785782","0.9270833333333334","0.9375","1.012400249640147","0.5907484491666158","0.42165179550647736","0.0625","0.0625","1.384806235631307","1.085452139377594","0.29935411860545474","0.0","0.0"
"0.4033730924129486","0.19879431277513504","0.2045787771542867","0.8125","0.8402777761220932","0.989887942870458","0.5609803001085917","0.4289076377948125","0.0625","0.0625","1.4000916878382366","1.1291227142016094","0.2709689910213153","0.0","0.0"
"0.2855605334043503","0.15600120524565378","0.12955932691693306","0.9270833333333334","0.9375","0.9345699946085612","0.5468719899654388","0.3876979947090149","0.0625","0.0625","1.4229043126106262","1.173395315806071","0.24950897693634033","0.0","0.0"
"0.26549532016118366","0.1473617119093736","0.11813361197710037","0.9166666666666666","0.9375","0.9700796802838644","0.5545844435691833","0.41549522678057355","0.0625","0.0625","1.4731726050376892","1.193314294020335","0.2798583159844081","0.0","0.0"
"0.23994211852550507","0.13971817990144095","0.10022394110759099","0.9375","0.9375","0.9575629035631815","0.5326008598009745","0.4249620387951533","0.0625","0.0625","1.4150396585464478","1.209956685702006","0.20508297408620516","0.0","0.0"
"0.21267717580000559","0.11285730948050816","0.09981986756126086","0.9270833333333334","0.9375","0.9361136257648468","0.5209703942139944","0.4151432365179062","0.0625","0.0625","1.4086930354436238","1.1452030738194783","0.2634899740417798","0.0","0.0"
"0.2070068915685018","0.10792051752408345","0.09908637156089146","0.9166666666666666","0.9375","0.9174290001392365","0.5044303238391876","0.4129986713329951","0.0625","0.0625","0.9970959722995758","0.6984454443057379","0.2986505205432574","0.0","0.0"
"0.2174142301082611","0.12170897672573726","0.09570525710781415","0.9375","0.9375","0.92237655321757","0.49719495077927905","0.42518159250418347","0.0625","0.0625","0.47172288844982785","0.2509772640963395","0.22074561938643456","0.0","0.0"
"0.1833918665846189","0.09315544987718265","0.0902364191909631","0.9375","0.9375","0.9114660123984019","0.49980295201142627","0.41166307032108307","0.0625","0.0625","0.34856974830230075","0.16527029313147068","0.18329944151143232","0.0","0.0"
"0.18911583969990411","0.10255968446532886","0.0865561564763387","0.9270833333333334","0.9375","0.8904726604620615","0.4730309993028641","0.41744165619214374","0.0625","0.0625","0.478159765402476","0.21517064174016318","0.2629891087611516","0.0","0.0"
"0.18785455326239267","0.10612889751791954","0.08172565326094627","0.90625","0.9375","0.882007489601771","0.46674397587776184","0.4152635186910629","0.0625","0.0625","0.6536123752593994","0.31455740580956143","0.3390549769004186","0.0","0.0"
"0.28572795291741687","0.1682724468410015","0.11745551601052284","0.8020833333333334","0.8402777761220932","0.8946265776952108","0.4677829643090566","0.42684362332026166","0.0625","0.0625","0.47527628143628436","0.21917629552384219","0.2560999778409799","0.0","0.0"
"0.17043674240509668","0.09164066053926945","0.07879608124494553","0.9375","0.9375","0.9100987513860067","0.47390885651111603","0.4361898849407832","0.0625","0.0625","0.4954460908969243","0.26253701498111087","0.2329090672234694","0.0","0.0"
"0.1564649852613608","0.08691735317309697","0.06954763208826382","0.9375","0.9375","0.9015751878420512","0.46365268031756085","0.4379224975903829","0.0625","0.0625","0.35466432571411133","0.18567642321189246","0.16898790250221887","0.0","0.0"
"0.12559252480665842","0.05428230265776316","0.0713102196653684","0.9375","0.9375","0.8549750546614329","0.4435059775908788","0.4114690770705541","0.0625","0.0625","0.43223383526007336","0.20869866013526917","0.22353517450392246","0.0","0.0"
"0.1346115656197071","0.07313861760000388","0.06147294926146666","0.9375","0.9375","0.8768167098363241","0.44424859682718915","0.43256811300913495","0.0625","0.0625","0.5179041475057602","0.2622845706840356","0.2556195755799611","0.0","0.0"
"0.13115746527910233","0.0641139888515075","0.06704347891112168","0.9375","0.9375","0.8393576145172119","0.4293040285507838","0.4100535760323207","0.0625","0.0625","0.4866439998149872","0.24452181408802667","0.24212219069401422","0.0","0.0"
"0.14239406461517015","0.08763015021880467","0.0547639150172472","0.9166666666666666","0.9375","0.8730678757031759","0.44712860385576886","0.42593927184740704","0.0625","0.0625","0.5922981748978297","0.28797173748413724","0.30432643989721936","0.0","0.0"
"0.1618806595603625","0.10149413533508778","0.06038652236262957","0.9166666666666666","0.9375","0.8278104265530905","0.43532422681649524","0.39248619476954144","0.0625","0.0625","0.5103475029269854","0.22773448874553046","0.28261301169792813","0.0","0.0"
"0.17023123552401861","0.10991582026084264","0.060315415263175964","0.9166666666666666","0.9375","0.8139430085817972","0.42364633083343506","0.39029668271541595","0.0625","0.0625","0.44611091042558354","0.2171725301692883","0.22893839267392954","0.0","0.0"
"0.10503331199288368","0.053108361860116325","0.05192495013276736","0.9270833333333334","0.9375","0.894202729066213","0.4502924730380376","0.44391028086344403","0.0625","0.0625","0.465354323387146","0.21188098440567651","0.25347334891557693","0.0","0.0"
"0.2016426113744577","0.11061616241931915","0.09102644336720307","0.8333333333333334","0.8402777761220932","0.8386461238066355","0.43232279022534686","0.40632333358128864","0.0625","0.0625","0.49238942315181095","0.22592366176346937","0.26646576697627705","0.0","0.0"
"0.08903265620271365","0.04842799032727877","0.040604667738080025","0.9375","0.9375","0.7912492454051971","0.40557562311490375","0.3856736173232396","0.0625","0.0625","0.4588216816385587","0.22373169908920923","0.23508999248345694","0.0","0.0"
"0.12706025565663973","0.07641425107916196","0.050646006440122925","0.9270833333333334","0.9375","0.9006902078787485","0.450780709584554","0.4499095032612483","0.0625","0.0625","0.5567074169715246","0.2933199529846509","0.2633874639868736","0.0","0.0"
"0.12164778014024098","0.06976336240768433","0.05188441897432009","0.9166666666666666","0.9375","0.8680616418520609","0.43766215443611145","0.4303994874159495","0.0625","0.0625","0.5243035207192103","0.2515190603832404","0.2727844566106796","0.0","0.0"
"0.12222612276673317","0.07335829424361388","0.04886782976488272","0.9270833333333334","0.9375","0.831493486960729","0.4214777797460556","0.4100157121817271","0.0625","0.0625","0.4749980966250102","0.21996551503737768","0.25503258407115936","0.0","0.0"
"0.09602899725238483","0.05188774379591147","0.044141256560881935","0.9375","0.9375","0.8237331211566925","0.4167899837096532","0.40694313247998554","0.0625","0.0625","0.4515189975500107","0.2177168900767962","0.23380210747321448","0.0","0.0"
"0.12498939409852028","0.07496468039850394","0.05002471338957548","0.9270833333333334","0.9375","0.8198744058609009","0.4156335194905599","0.40424086650212604","0.0625","0.0625","0.5148273706436157","0.26415691897273064","0.25067045042912167","0.0","0.0"
"0.14748808555305004","0.11173093070586522","0.035757151121894516","0.8854166666666666","0.9375","0.833670179049174","0.4283912479877472","0.40527894099553424","0.0625","0.0625","0.4967126746972402","0.2368023432791233","0.25991033762693405","0.0","0.0"
"0.11841958885391553","0.07269606987635295","0.04572351835668087","0.9375","0.9375","0.8584244350592295","0.43523099025090534","0.42319344480832416","0.0625","0.0625","0.5329455037911733","0.2678530439734459","0.2650924623012543","0.0","0.0"
"0.11621830426156521","0.06738636301209529","0.04883194404343764","0.9270833333333334","0.9375","0.8782246907552084","0.44952191412448883","0.42870278159777325","0.0625","0.0625","0.5407189875841141","0.2591249346733093","0.28159405042727786","0.0","0.0"
"0.21711586912473044","0.1288168622801701","0.08829901305337746","0.8229166666666666","0.8402777761220932","0.8192808131376902","0.4233316332101822","0.3959491898616155","0.0625","0.0625","0.37373228929936886","0.18800844127933183","0.18572384553651014","0.0","0.0"
"0.14366940781474113","0.08963675921161969","0.05403264860312144","0.9270833333333334","0.9375","0.8331420719623566","0.4205402185519536","0.41260185837745667","0.0625","0.0625","0.5674769182999929","0.2688480814297994","0.29862883190313977","0.0","0.0"
"0.12430322915315628","0.07843623807032903","0.045866990461945534","0.9270833333333334","0.9375","0.828715185324351","0.420062576731046","0.4086525986591975","0.0625","0.0625","0.47609053552150726","0.24074767529964447","0.2353428676724434","0.0","0.0"
"0.11704960837960243","0.0702809061234196","0.04676870380838712","0.9375","0.9375","0.8764348030090332","0.4637005676825841","0.4127342303593953","0.0625","0.0625","0.5016640772422155","0.23278904457887015","0.26887503763039905","0.0","0.0"
"0.1542950707177321","0.1058457475155592","0.048449320097764335","0.9166666666666666","0.9375","0.8497741719086965","0.43470566471417743","0.41506851216157276","0.0625","0.0625","0.3791440973679225","0.18740784376859665","0.19173625111579895","0.0","0.0"
"0.18568742026885351","0.15030866488814354","0.03537875941644112","0.8958333333333334","0.9375","0.8220805128415426","0.42315012713273364","0.3989303857088089","0.0625","0.0625","0.39193182438611984","0.19793327525258064","0.19399854789177576","0.0","0.0"
"0.11253074618677299","0.0805440116673708","0.03198673420896133","0.9166666666666666","0.9375","0.8759265045324961","0.44955504437287647","0.4263714502255122","0.0625","0.0625","0.5053367763757706","0.23496528466542563","0.2703715016444524","0.0","0.0"
"0.12364028642574947","0.07829863019287586","0.04534165499111017","0.9270833333333334","0.9375","0.8913416564464569","0.4668460488319397","0.4244956076145172","0.0625","0.0625","0.4429211268822352","0.20675529291232428","0.2361658290028572","0.0","0.0"
"0.09538545832037926","0.053323732068141304","0.04206172625223795","0.9375","0.9375","0.8144579430421194","0.41956597566604614","0.394891952474912","0.0625","0.0625","0.402685321867466","0.2145978088180224","0.18808751180768013","0.0","0.0"
"0.1774047464132309","0.13423403849204382","0.0431707048167785","0.8958333333333334","0.9375","0.835819810628891","0.4269198129574458","0.4089000076055527","0.0625","0.0625","0.6420297076304754","0.3251722330848376","0.3168574795126915","0.0","0.0"
"0.2831601084520419","0.19114447695513567","0.09201563522219658","0.8159722238779068","0.8402777761220932","0.9020543396472931","0.4629627416531245","0.4390915979941686","0.0625","0.0625","0.615179255604744","0.3312962204217911","0.28388303704559803","0.0","0.0"
"0.1678373912970225","0.12627634219825268","0.04156104940921068","0.90625","0.9375","0.8462721506754557","0.4429736187060674","0.4032985319693883","0.0625","0.0625","0.39380181829134625","0.1849991815785567","0.2088026429216067","0.0","0.0"
"0.21101994812488556","0.1764752957969904","0.034544648602604866","0.8854166666666666","0.9375","0.919519434372584","0.4990890771150589","0.42043036719163257","0.0625","0.0625","0.5844412247339884","0.29200437913338345","0.29243683566649753","0.0","0.0"
"0.15595188364386559","0.1200720421038568","0.03587983983258406","0.90625","0.9375","0.8447393973668417","0.4418090532223384","0.4029303441445033","0.0625","0.0625","0.5213642294208208","0.264123138350745","0.2572411000728607","0.0","0.0"
"0.13750735173622766","0.08755135101576646","0.049956001341342926","0.9270833333333334","0.9375","0.9188974797725677","0.47838908930619556","0.4405083904663722","0.0625","0.0625","0.6281282951434454","0.3286840741833051","0.2994442159930865","0.0","0.0"
"0.13180010517438254","0.09257346826295058","0.03922663473834594","0.9270833333333334","0.9375","0.8412476778030396","0.43972982466220856","0.4015178432067235","0.0625","0.0625","0.5833317339420319","0.28390249113241833","0.2994292303919792","0.0","0.0"
"0.2113515269011259","0.1687314696609974","0.0426200566192468","0.8958333333333334","0.9375","0.8252140084902445","0.4325445095698039","0.39266949395338696","0.0625","0.0625","0.4452329824368159","0.22899100991586843","0.21624197935064635","0.0","0.0"
"0.22271087393164635","0.181994483495752","0.040716384537518024","0.8854166666666666","0.9375","0.8669697344303131","0.46360113223393756","0.4033685972293218","0.0625","0.0625","0.5283776571353277","0.2846960152188937","0.24368164564172426","0.0","0.0"
"0.18380478769540787","0.14151346683502197","0.042291321170826755","0.8854166666666666","0.9375","0.8939740161101023","0.4728715866804123","0.42110242942969006","0.0625","0.0625","0.6340983907381693","0.3318585256735484","0.30223986506462097","0.0","0.0"
"0.13770913581053415","0.10237463439504306","0.03533450234681368","0.90625","0.9375","0.8721372187137604","0.4445984760920207","0.4275387426217397","0.0625","0.0625","0.40863243490457535","0.21327479432026544","0.19535764679312706","0.0","0.0"
"0.28934532900651294","0.19995369017124176","0.08939164566497008","0.7847222238779068","0.8402777761220932","0.8400911490122477","0.4563990781704585","0.3836920807758967","0.0625","0.0625","0.6177596151828766","0.3121774072448413","0.3055822029709816","0.0","0.0"
"0.13117088750004768","0.09215524233877659","0.039015643298625946","0.90625","0.9375","0.9014294048150381","0.47359220186869305","0.42783720791339874","0.0625","0.0625","0.560057575503985","0.2713113451997439","0.28874624023834866","0.0","0.0"
"0.18666933104395866","0.14295590110123158","0.04371343335757653","0.90625","0.9375","0.8410366376241049","0.43184645970662433","0.40919017791748047","0.0625","0.0625","0.4544859280188878","0.24099582309524217","0.21349011299510798","0.0","0.0"
"0.1486286868651708","0.10467568164070447","0.04395300274093946","0.90625","0.9375","0.9014502267042795","0.4735707143942515","0.42787950734297436","0.0625","0.0625","0.409184031188488","0.2046002820134163","0.20458374420801798","0.0","0.0"
"0.14914346237977347","0.1191762915501992","0.029967170829574268","0.90625","0.9375","0.7968960702419281","0.4191351632277171","0.3777608970801036","0.0625","0.0625","0.47953516244888306","0.2753167500098546","0.2042184124390284","0.0","0.0"
"0.140008216102918","0.1020493134856224","0.03795890354861816","0.9166666666666666","0.9375","0.8789715766906738","0.4656066397825877","0.4133649369080861","0.0625","0.0625","0.6423541704813639","0.3459073528647423","0.29644681823750335","0.0","0.0"
"0.15414675449331602","0.11498066907127698","0.0391660841802756","0.90625","0.9375","0.8236064811547598","0.41447680691878","0.40912966430187225","0.0625","0.0625","0.6057687650124232","0.3310856868823369","0.2746830880641937","0.0","0.0"
"0.12834595950941244","0.09642584373553593","0.03192011577387651","0.8958333333333334","0.9375","0.8770967721939087","0.45519210894902545","0.42190466324488324","0.0625","0.0625","0.5286672115325928","0.2423464780052503","0.2863207360108693","0.0","0.0"
"0.14378823464115462","0.1051801114032666","0.038608123548328876","0.90625","0.9375","0.8307307461897532","0.43098026017347973","0.399750476082166","0.0625","0.0625","0.5312982176740965","0.27832118421792984","0.25297703345616657","0.0","0.0"
"0.1638703594605128","0.11256947368383408","0.05130088950196902","0.9166666666666666","0.9375","0.824587901433309","0.4290396471818288","0.3955482492844264","0.0625","0.0625","0.5371062358220419","0.2831065182884534","0.2539997200171153","0.0","0.0"
"0.32166776433587074","0.1887605618685484","0.1329071975002686","0.7881944427887598","0.8402777761220932","0.8434019982814789","0.4504597832759221","0.3929422199726105","0.0625","0.0625","0.42356638610363007","0.2852872386574745","0.138279148687919","0.0","0.0"
"0.19322805230816206","0.16017949084440866","0.03304856146375338","0.90625","0.9375","0.8567472398281097","0.44327065845330554","0.413476566473643","0.0625","0.0625","0.7400049964586893","0.3839547385772069","0.3560502777496974","0.0","0.0"
"0.18275437752405801","0.14394134531418482","0.038813032830754914","0.9166666666666666","0.9375","0.8367900947729746","0.43423299491405487","0.40255709489186603","0.0625","0.0625","0.6440385083357493","0.37939244012037915","0.26464607814947766","0.0","0.0"
"0.22083470970392227","0.16663790432115397","0.05419680600365003","0.9166666666666666","0.9375","0.8476739128430685","0.4319901118675868","0.4156837960084279","0.0625","0.0625","0.7952361106872559","0.5223706165949503","0.27286549160877865","0.0","0.0"
"0.2795585443576177","0.2521172724664211","0.02744127344340086","0.8958333333333334","0.9375","0.874215304851532","0.4471549689769745","0.42706032594045","0.0625","0.0625","0.8820178757111231","0.6098690330982208","0.27214884137113887","0.0","0.0"
"0.18487421547373137","0.14465389400720596","0.04022032395005226","0.90625","0.9375","0.8615089257558187","0.444943904876709","0.4165650059779485","0.0625","0.0625","1.2413758635520935","0.9192477961381277","0.3221280674139659","0.0","0.0"
"0.23917284111181894","0.21045675004522005","0.02871609292924404","0.9166666666666666","0.9375","0.8852970004081726","0.4582075923681259","0.4270894130071004","0.0625","0.0625","1.3947965304056804","1.1723817388216655","0.222414780408144","0.0","0.0"
"0.19694382200638452","0.16082612673441568","0.03611769713461399","0.875","0.9375","0.9319422543048859","0.4880578915278117","0.44388435284296673","0.0625","0.0625","1.6187556783358257","1.3410868843396504","0.2776687840620677","0.0","0.0"
"0.16746277113755545","0.11939421730736892","0.0480685547615091","0.9270833333333334","0.9375","0.8151324490706126","0.4250730623801549","0.3900593916575114","0.0625","0.0625","1.5027409394582112","1.2985780239105225","0.20416292424003282","0.0","0.0"
"0.21638928353786469","0.18303817200164","0.033351111225783825","0.8854166666666666","0.9375","0.872906227906545","0.4576258311669032","0.41528039673964184","0.0625","0.0625","2.28646711508433","2.0178080399831138","0.2686590999364853","0.0","0.0"
"0.5495542523761591","0.2238376202682654","0.3257166473194957","0.7743055572112402","0.8402777761220932","0.782903661330541","0.404145469268163","0.37875819702943164","0.0625","0.0625","2.2571032444636026","2.0367020765940347","0.22040115793546042","0.0","0.0"
"0.12734264383713403","0.08872188255190849","0.03862076128522555","0.9375","0.9375","0.8336583276589712","0.4370872229337692","0.3965711047252019","0.0625","0.0625","2.2275065978368125","1.921165366967519","0.30634122093518573","0.0","0.0"
"0.12818914465606213","0.09095023851841688","0.037238905827204384","0.90625","0.9375","0.9209365447362264","0.4710143307844798","0.44992220401763916","0.0625","0.0625","2.0171080430348716","1.7811960577964783","0.23591195978224277","0.0","0.0"
"0.1291514684756597","0.09466830330590408","0.034483165790637337","0.9166666666666666","0.9375","0.8862395783265432","0.4823672225077947","0.4038723558187485","0.052083333333333336","0.0625","2.0954115986824036","1.8048664728800456","0.29054514070351917","0.0","0.0"
"0.1887409488360087","0.15292739371458688","0.0358135507752498","0.8854166666666666","0.9375","0.9433708687623342","0.526202122370402","0.4171687463919322","0.0625","0.0625","2.0911806424458823","1.8779327074686687","0.2132478728890419","0.0","0.0"
"0.19630690664052963","0.15921637353797755","0.037090531239906945","0.8854166666666666","0.9375","0.8861152629057566","0.4559021095434825","0.4302131434281667","0.0625","0.0625","1.9676482876141865","1.6497496962547302","0.31789858142534894","0.0","0.0"
"0.13843139509359995","0.10710232208172481","0.031329075805842876","0.90625","0.9375","0.9906789263089498","0.5610142846902212","0.42966465651988983","0.0625","0.0625","1.9475484291712444","1.7078601320584614","0.2396882822116216","0.0","0.0"
"0.23933440446853638","0.19431562721729279","0.04501877663036188","0.875","0.9375","0.8968243598937988","0.49379895130793255","0.40302539865175885","0.0625","0.0625","2.066097855567932","1.816500147183736","0.24959772949417433","0.0","0.0"
"0.23985131333271661","0.19744599362214407","0.04240531971057256","0.8854166666666666","0.9375","0.9156916638215383","0.5042339016993841","0.41145776708920795","0.0625","0.0625","1.9014462033907573","1.6891881227493286","0.2122581023722887","0.0","0.0"
"0.28586287299791974","0.23837640136480331","0.04748646759738525","0.8333333333333334","0.9375","0.9847118556499481","0.561718170841535","0.42299369474252063","0.0625","0.0625","1.8377660115559895","1.5480079650878906","0.28975803901751834","0.0","0.0"
"0.5121814869344234","0.21201622486114502","0.3001652654881279","0.7986111094554266","0.8402777761220932","1.0226758122444153","0.603724385301272","0.41895143191019696","0.0625","0.0625","1.7605616847674053","1.4608625570933025","0.299699114014705","0.0","0.0"
"0.4107184484601021","0.37896840771039325","0.03175004028404752","0.7604166666666666","0.9375","1.079843024412791","0.6679451068242391","0.4118979076544444","0.0625","0.0625","1.8132609724998474","1.4403153657913208","0.3729456315437953","0.0","0.0"
"0.38329722980658215","0.34365485856930417","0.03964236502846082","0.78125","0.9375","1.019562005996704","0.6135469873746237","0.40601502855618793","0.0625","0.0625","1.5669813950856526","1.252303123474121","0.31467830141385394","0.0","0.0"
"0.4050750558574994","0.37390374143918353","0.03117131752272447","0.7708333333333334","0.9375","0.9388484160105387","0.5608402291933695","0.3780081917842229","0.0625","0.0625","1.4195149143536885","1.1137060324350994","0.3058088968197505","0.0","0.0"
"0.34700966626405716","0.31800922254721325","0.029000445424268644","0.7708333333333334","0.9375","0.9842331409454346","0.5998589297135671","0.3843742211659749","0.0625","0.0625","1.2657871047655742","1.0068490902582805","0.25893802971889573","0.0","0.0"
"0.4247184644142787","0.3875853071610133","0.03713316315164169","0.7604166666666666","0.9375","0.9748118122418722","0.5703264474868774","0.40448536972204846","0.0625","0.0625","1.121768315633138","0.8822047909100851","0.23956350733836493","0.0","0.0"
"0.38392387827237445","0.3346819008390109","0.049241977433363594","0.7916666666666666","0.9375","0.952008972565333","0.5326168437798818","0.41939211388429004","0.0625","0.0625","0.9637441237767538","0.6396363377571106","0.32410778601964313","0.0","0.0"
"0.2699992507696152","0.23320924987395605","0.036790003379186","0.8333333333333334","0.9375","0.8895004192988077","0.5076177765925726","0.3818826377391815","0.052083333333333336","0.0625","1.0806456903616588","0.7563825150330862","0.32426318029562634","0.0","0.0"
"0.30493007600307465","0.26973651597897214","0.035193555522710085","0.8229166666666666","0.9375","0.923006941874822","0.49767035245895386","0.4253365894158681","0.0625","0.0625","0.9098008275032043","0.5966658095518748","0.3131350229183833","0.0","0.0"
"0.33135246982177097","0.30213447163502377","0.029217996479322512","0.7916666666666666","0.9375","0.9322805106639862","0.5104020287593206","0.4218784918387731","0.0625","0.0625","1.0060833195845287","0.7745452324549357","0.2315380945801735","0.0","0.0"
"0.8394394963979721","0.27246876060962677","0.5669706935683886","0.7326388905445734","0.8402777761220932","0.9821906586488088","0.576347420612971","0.40584323306878406","0.0625","0.0625","0.9085622231165568","0.6327943205833435","0.27576789259910583","0.0","0.0"
"0.32646050800879794","0.2773660719394684","0.04909443731109301","0.8229166666666666","0.9375","1.0261479516824086","0.5726346472899119","0.4535133093595505","0.0625","0.0625","0.9588958919048309","0.6715823610623678","0.2873135358095169","0.0","0.0"
"0.30859214067459106","0.2716277440388997","0.036964399429659046","0.8333333333333334","0.9375","0.9989976982275645","0.5850937267144521","0.4139039566119512","0.0625","0.0625","1.0185226301352184","0.7455785771210989","0.2729440505305926","0.0","0.0"
"0.3371520588795344","0.3055720602472623","0.03157999676962694","0.8125","0.9375","1.0411936044692993","0.6268720775842667","0.41432152191797894","0.0625","0.0625","1.0516549746195476","0.7913961410522461","0.2602588360508283","0.0","0.0"
"0.39093395074208576","0.3627898742755254","0.028144079415748518","0.75","0.9375","0.93394802014033","0.525282084941864","0.4086659451325734","0.0625","0.0625","1.149222582578659","0.9570487638314565","0.19217382123072943","0.0","0.0"
"0.30903398245573044","0.2775152573982875","0.03151872009038925","0.8229166666666666","0.9375","0.9593063294887543","0.5499485631783804","0.40935778121153515","0.0625","0.0625","1.2634237706661224","0.8972919881343842","0.3661317825317383","0.0","0.0"
"0.3665894518295924","0.3232336640357971","0.04335578655203184","0.8020833333333334","0.9375","0.9441568950812022","0.5464166601498922","0.3977402448654175","0.0625","0.0625","1.1363283693790436","0.8532733122507731","0.28305507078766823","0.0","0.0"
"0.30306976040204364","0.26883335659901303","0.034236407838761806","0.84375","0.9375","0.9167174498240153","0.5179018725951513","0.3988155722618103","0.041666666666666664","0.0625","1.0295019149780273","0.7819838523864746","0.24751806755860647","0.0","0.0"
"0.2574240465958913","0.22152712444464365","0.035896927739183106","0.875","0.9375","0.9222127497196198","0.5230882118145624","0.39912453790505725","0.0625","0.0625","0.982556164264679","0.7470662593841553","0.23548989991346994","0.0","0.0"
"0.26204341898361844","0.21923789381980896","0.04280552423248688","0.8541666666666666","0.9375","0.9484198192755381","0.5290604482094446","0.41935933629671734","0.0625","0.0625","1.0023447175820668","0.6872594654560089","0.3150852645436923","0.0","0.0"
"0.5995999400814375","0.20322340105970702","0.39637658186256886","0.7986111094554266","0.8402777761220932","0.88963583111763","0.4863053758939107","0.4033304701248805","0.0625","0.0625","0.8444936672846476","0.6392877300580343","0.20520591735839844","0.0","0.0"
"0.2232106775045395","0.1806527078151703","0.04255797527730465","0.8958333333333334","0.9375","0.9017745057741801","0.4938766856988271","0.40789782007535297","0.0625","0.0625","0.933340976635615","0.5771812796592712","0.35615969200929004","0.0","0.0"
"0.21559492126107216","0.18661017467578253","0.028984748137493927","0.8854166666666666","0.9375","0.8509493271509806","0.4596579273541768","0.39129140973091125","0.0625","0.0625","1.081979016462962","0.7813414931297302","0.3006375307838122","0.0","0.0"
"0.21689462413390478","0.19198555499315262","0.024909064794580143","0.8645833333333334","0.9375","0.8200558523337046","0.435300812125206","0.3847550352414449","0.0625","0.0625","1.0124626557032268","0.6988885899384817","0.31357406576474506","0.0","0.0"
"0.17631005495786667","0.14953364183505377","0.026776413433253765","0.90625","0.9375","0.9323025842507681","0.5067924161752065","0.42551015317440033","0.0625","0.0625","0.9964707791805267","0.708086242278417","0.2883845493197441","0.0","0.0"
"0.23126902927954993","0.19586816926797232","0.03540086435774962","0.8645833333333334","0.9375","0.9363190233707428","0.5222556044658025","0.41406341393788654","0.0625","0.0625","0.9396070341269175","0.7062381605307261","0.23336887111266455","0.0","0.0"
"0.26457612589001656","0.22409376998742422","0.04048235900700092","0.84375","0.9375","0.8753132224082947","0.4833153585592906","0.3919978638490041","0.0625","0.0625","1.1110544800758362","0.8008764783541361","0.3101779917875926","0.0","0.0"
"0.2597162202000618","0.21946978817383447","0.04024642674873272","0.8333333333333334","0.9375","0.9822817742824554","0.5537092288335165","0.42857255041599274","0.0625","0.0625","0.940208246310552","0.6740744262933731","0.2661338299512863","0.0","0.0"
"0.23217833042144775","0.2055149848262469","0.02666334869960944","0.8541666666666666","0.9375","0.9229165812333425","0.49821631610393524","0.4247002601623535","0.0625","0.0625","1.213473121325175","0.9719652831554413","0.24150785307089487","0.0","0.0"
"0.29452746361494064","0.255856528878212","0.03867093132187923","0.8229166666666666","0.9375","0.9364155332247416","0.5097623666127523","0.4266531715790431","0.0625","0.0625","1.3331854144732158","1.027351588010788","0.3058338115612666","0.0","0.0"
"0.7208845267693201","0.21321766078472137","0.5076669038583835","0.7986111094554266","0.8402777761220932","0.935016800959905","0.5345842440923055","0.400432546933492","0.0625","0.0625","1.30122505625089","1.0418037672837575","0.2594212641318639","0.0","0.0"
"0.20270883788665137","0.1549402599533399","0.0477685754497846","0.8854166666666666","0.9375","0.8971695403258005","0.4975745578606923","0.3995949725310008","0.0625","0.0625","1.4117225805918376","1.124327113231023","0.2873954474925995","0.0","0.0"
"0.21044771621624628","0.17130177343885103","0.03914594495048126","0.90625","0.9375","0.9440601070721945","0.49852187434832257","0.4455382426579793","0.0625","0.0625","1.2071241438388824","0.9811451534430186","0.22597898542881012","0.0","0.0"
"0.21840207278728485","0.1730633700887362","0.04533870269854864","0.8854166666666666","0.9375","0.9072813888390859","0.4992479681968689","0.40803341567516327","0.0625","0.0625","1.1723116238911946","0.8942663669586182","0.2780452494819959","0.0","0.0"
"0.20722964530189833","0.17839930454889932","0.02883034013211727","0.875","0.9375","0.9197099109490713","0.4898195763429006","0.42989034950733185","0.0625","0.0625","1.317505458990733","1.0215442876021068","0.2959611664215724","0.0","0.0"
"0.19189284990231195","0.15644864737987518","0.03544420562684536","0.8958333333333334","0.9375","0.9153955082098643","0.4996095548073451","0.4157859335343043","0.0625","0.0625","1.3953659137090046","1.125512917836507","0.26985299090544385","0.0","0.0"
"0.26297107090552646","0.2224100890258948","0.040560983742276825","0.8541666666666666","0.9375","0.902746707201004","0.5068111270666122","0.3959355652332306","0.052083333333333336","0.0625","1.4093628525733948","1.077312449614207","0.3320504079262416","0.0","0.0"
"0.3096054345369339","0.2691301653782527","0.040475266675154366","0.8229166666666666","0.9375","0.9758397340774536","0.5556127478679022","0.42022697627544403","0.0625","0.0625","1.30586842695872","1.1227706968784332","0.1830977238714695","0.0","0.0"
"0.2632669707139333","0.23909043769041696","0.024176529763887327","0.8333333333333334","0.9375","0.9120879173278809","0.4967772364616394","0.41531069080034894","0.0625","0.0625","1.4897880951563518","1.2478999495506287","0.24188814063866934","0.0","0.0"
"0.19959864765405655","0.17024589826663336","0.029352747059116762","0.8645833333333334","0.9375","0.9294778108596802","0.5183951656023661","0.4110826353232066","0.0625","0.0625","1.3241860270500183","1.0633127490679424","0.2608732804656029","0.0","0.0"
"0.8118060206373533","0.25006385644276935","0.5617422179008523","0.75","0.8402777761220932","0.9991697470347086","0.5916729072729746","0.4074968347946803","0.0625","0.0625","1.3616448640823364","1.153297334909439","0.20834753413995108","0.0","0.0"
"0.4159473975499471","0.37945446868737537","0.036492927465587854","0.8125","0.9375","1.170238196849823","0.7574444711208344","0.41279372572898865","0.0625","0.0625","1.2489141424496968","0.9535721639792124","0.29534198343753815","0.0","0.0"
"0.488930381834507","0.4540339360634486","0.03489642931769291","0.75","0.9375","1.153179258108139","0.7439578076203665","0.40922145545482635","0.0625","0.0625","1.17485773563385","0.8556173145771027","0.31924042105674744","0.0","0.0"
"0.40705758333206177","0.37581851581732434","0.03123906347900629","0.78125","0.9375","1.0959875682989757","0.6850792467594147","0.4109082917372386","0.0625","0.0625","0.970579981803894","0.7414744893709818","0.22910548994938532","0.0","0.0"
"0.28678953150908154","0.26398927718400955","0.022800255411614973","0.8125","0.9375","1.0523681938648224","0.6693983723719915","0.38296982645988464","0.0625","0.0625","1.115897277990977","0.84384752313296","0.2720497598250707","0.0","0.0"
"0.355196272333463","0.3268135190010071","0.02838274898628394","0.7708333333333334","0.9375","1.0285598933696747","0.6254205207029978","0.4031393975019455","0.0625","0.0625","0.9777872463067373","0.7385158439477285","0.239271380007267","0.0","0.0"
"0.2595745921134949","0.22029683738946915","0.03927775534490744","0.875","0.9375","1.0540165702501934","0.651317814985911","0.40269874533017475","0.0625","0.0625","0.9232758482297262","0.6642558475335439","0.25901999821265537","0.0","0.0"
"0.25466056913137436","0.2203783132135868","0.0342822540551424","0.8541666666666666","0.9375","0.9679751793543497","0.577895000576973","0.39008018871148425","0.0625","0.0625","0.8169060051441193","0.5750955243905386","0.24181048820416132","0.0","0.0"
"0.23969088991483053","0.21090051780144373","0.028790375993897516","0.875","0.9375","1.0829714238643646","0.6971369882424673","0.3858344356218974","0.0625","0.0625","0.7151984920104345","0.4825002650419871","0.23269822696844736","0.0","0.0"
"0.32404692471027374","0.2888457203904788","0.03520120742420355","0.8125","0.9375","0.9970805744330088","0.598615696032842","0.3984648982683818","0.0625","0.0625","0.6879854947328568","0.43052904307842255","0.2574564553797245","0.0","0.0"
"0.8887152150273323","0.30107956131299335","0.587635633846124","0.7326388905445734","0.8402777761220932","1.205783834060033","0.7830924491087595","0.4226913998524348","0.0625","0.0625","0.7699902852376302","0.45269036293029785","0.31729992975791294","0.0","0.0"
"0.33794039487838745","0.30923906713724136","0.028701330224672954","0.7708333333333334","0.9375","1.021232138077418","0.5975155234336853","0.42371660967667896","0.0625","0.0625","0.7528505126635233","0.4375857363144557","0.3152647763490677","0.0","0.0"
"0.3524681329727173","0.3196795582771301","0.032788570038974285","0.8020833333333334","0.9375","1.0810445348421733","0.6574735740820566","0.42357097069422406","0.0625","0.0625","0.5885654042164484","0.3532874658703804","0.23527794828017554","0.0","0.0"
"0.4144382079442342","0.38847966492176056","0.02595854566122095","0.75","0.9375","1.1130543251832326","0.7180823584397634","0.3949719617764155","0.0625","0.0625","0.76122185587883","0.4662433962027232","0.29497847706079483","0.0","0.0"
"0.3343709707260132","0.30209213495254517","0.03227883701523145","0.8333333333333334","0.9375","1.0089309910933177","0.569140096505483","0.4397908995548884","0.0625","0.0625","0.6454915752013525","0.39318932592868805","0.25230225051442784","0.0","0.0"
"0.33521226048469543","0.30830901861190796","0.02690323938926061","0.78125","0.9375","0.9783174892266592","0.5824712465206782","0.39584624270598096","0.0625","0.0625","0.7072959244251251","0.41588570674260456","0.2914102201660474","0.0","0.0"
"0.37912475566069287","0.3444564963380496","0.034668254355589546","0.8125","0.9375","0.9823914070924123","0.5641376972198486","0.41825371980667114","0.0625","0.0625","0.8104146619637808","0.5433305501937866","0.2670841080447038","0.0","0.0"
"0.29591213166713715","0.2664218892653783","0.02949024395396312","0.8645833333333334","0.9375","0.9257535735766093","0.5196574678023657","0.4060961107412974","0.0625","0.0625","0.6255702475706736","0.43551845848560333","0.19005178598066172","0.0","0.0"
"0.2892879545688629","0.25484487414360046","0.034443078407396875","0.8541666666666666","0.9375","0.9611903031667074","0.5583738535642624","0.40281644463539124","0.0625","0.0625","0.8104091584682465","0.5364457070827484","0.27396345138549805","0.0","0.0"
"0.3041527147094409","0.2669723406434059","0.0371803722033898","0.8229166666666666","0.9375","0.976672500371933","0.5804333090782166","0.3962392012278239","0.0625","0.0625","0.8447140355904897","0.5910605589548746","0.2536534716685613","0.0","0.0"
"0.8300488491853079","0.3244407847523689","0.5056080799549818","0.7326388905445734","0.8402777761220932","0.9044809142748514","0.5291647066672643","0.37531620760758716","0.0625","0.0625","0.8838801781336466","0.635484129190445","0.24839605391025543","0.0","0.0"
"0.2953491459290187","0.27020664016405743","0.02514250452319781","0.84375","0.9375","0.9623417357603709","0.5434984266757965","0.4188433090845744","0.0625","0.0625","1.0032165547211964","0.7244953711827596","0.2787211947143078","0.0","0.0"
"0.35013963282108307","0.313585306207339","0.036554326924184956","0.8125","0.9375","0.8922146062056223","0.4989843765894572","0.39323024451732635","0.0625","0.0625","1.0002394715944927","0.7556182444095612","0.24462122345964113","0.0","0.0"
"0.2941426560282707","0.26095394293467206","0.033188713093598686","0.8333333333333334","0.9375","0.9945871730645498","0.5775598585605621","0.4170273244380951","0.0625","0.0625","0.8870549698670706","0.6443666815757751","0.24268828332424164","0.0","0.0"
"0.3105770895878474","0.2693156922856967","0.04126139512906472","0.8020833333333334","0.9375","1.0122514466444652","0.5948380877574285","0.4174133588870366","0.0625","0.0625","1.1031163732210796","0.8334940771261851","0.2696222911278407","0.0","0.0"
"0.32473258674144745","0.2883384128411611","0.0363941698645552","0.8229166666666666","0.9375","1.1001091102759044","0.6898760497570038","0.4102330505847931","0.0625","0.0625","1.3874556024869282","1.0613990823427837","0.3260565499464671","0.0","0.0"
"0.4973873943090439","0.46576496213674545","0.031622423169513546","0.6979166666666666","0.9375","1.0941845178604126","0.685001810391744","0.40918271740277606","0.052083333333333336","0.0625","1.4623860319455464","1.1307170391082764","0.3316689928372701","0.0","0.0"
"0.5724642177422842","0.5474376479784647","0.0250265725577871","0.6458333333333334","0.9375","1.0271379450956981","0.635279248158137","0.3918587068716685","0.0625","0.0625","1.4044057726860046","1.0566954612731934","0.3477103014787038","0.0","0.0"
"0.4735504786173503","0.4305586765209834","0.04299180954694748","0.7291666666666666","0.9375","0.9647429585456848","0.5718941191832224","0.3928488443295161","0.0625","0.0625","1.2323495348294575","1.010300765434901","0.222048781812191","0.0","0.0"
"0.4555375973383586","0.4228505641222","0.03268703011174997","0.7083333333333334","0.9375","1.0373506943384807","0.6153933008511862","0.421957403421402","0.0625","0.0625","1.1548112332820892","0.8619866867860159","0.29282455146312714","0.0","0.0"
"0.9663248260815939","0.5075565874576569","0.45876821254690486","0.5381944452722868","0.8402777761220932","0.9783945381641388","0.5759270290533701","0.4024675091107686","0.0625","0.0625","1.1164898077646892","0.8904396096865336","0.22605020304520926","0.0","0.0"
"0.4242994834979375","0.3902123173077901","0.03408717270940542","0.6666666666666666","0.9375","0.9825904965400696","0.5676097571849823","0.4149807393550873","0.0625","0.0625","1.125730166832606","0.8249495228131613","0.30078065395355225","0.0","0.0"
"0.4264129549264908","0.4000600104530652","0.026352943542102974","0.71875","0.9375","0.9215245842933655","0.5327363312244415","0.38878823320070904","0.0625","0.0625","1.217043658097585","0.8918565710385641","0.3251870920260747","0.0","0.0"
"0.5035236825545629","0.4697883725166321","0.033735320437699556","0.6145833333333334","0.9375","0.9421751101811727","0.5236684928337733","0.4185066372156143","0.0625","0.0625","1.3030976057052612","0.9376114209493002","0.36548616488774616","0.0","0.0"
"0.4070861538251241","0.36883679280678433","0.0382493669167161","0.71875","0.9375","0.9565665821234385","0.5511266440153122","0.40543993810812634","0.052083333333333336","0.0625","1.3313583135604858","0.9767033259073893","0.3546550124883652","0.0","0.0"
"0.5398794362942377","0.49879256884257","0.041086862639834486","0.6145833333333334","0.9375","0.9956876337528229","0.5977382361888885","0.3979493975639343","0.052083333333333336","0.0625","1.2565632959206898","0.9436253408590952","0.3129379600286484","0.0","0.0"
"0.4684154192606608","0.4371032466491063","0.03131216112524271","0.6041666666666666","0.9375","1.0129010081291199","0.5892730255921682","0.4236279825369517","0.0625","0.0625","1.2241806089878082","0.939346601565679","0.28483399997154873","0.0","0.0"
"0.4717310816049576","0.4387846191724141","0.03294646802047888","0.65625","0.9375","0.9435274104277293","0.5347037017345428","0.40882370869318646","0.0625","0.0625","1.4114240010579426","1.0218264758586884","0.38959751278162","0.0","0.0"
"0.44565417369206745","0.4224268396695455","0.023227336661269266","0.6041666666666666","0.9375","0.9762323300043741","0.5582713733116785","0.4179609715938568","0.0625","0.0625","1.234446108341217","0.979563573996226","0.2548825293779373","0.0","0.0"
"0.4101184854904811","0.3762919728954633","0.03382650421311458","0.6770833333333334","0.9375","0.9991600016752878","0.5940098663171133","0.4051501601934433","0.052083333333333336","0.0625","1.334745426972707","0.9943595031897227","0.34038591881593067","0.0","0.0"
"0.9615653604269028","0.48552757998307544","0.47603780527909595","0.5625","0.8402777761220932","0.9595223764578501","0.552522877852122","0.40699950357278186","0.0625","0.0625","1.3791376153628032","0.9838317732016245","0.3953058123588562","0.0","0.0"
"0.41274014115333557","0.37889785567919415","0.03384228671590487","0.6458333333333334","0.9375","0.9939965804417928","0.5770303706328074","0.4169661949078242","0.052083333333333336","0.0625","1.2532891432444255","0.9591978092988332","0.2940913240114848","0.0","0.0"
"0.46294135351975757","0.4374492863814036","0.02549206915621956","0.6354166666666666","0.9375","0.9914502302805582","0.5930135448773702","0.39843667050202686","0.052083333333333336","0.0625","1.310226301352183","0.9787622888882955","0.3314640211562316","0.0","0.0"
"0.38602303465207416","0.35517385353644687","0.03084917925298214","0.6875","0.9375","0.9678104619185129","0.564157043894132","0.40365343789259595","0.0625","0.0625","1.3748802344004314","1.0388018091519673","0.3360784351825714","0.0","0.0"
"0.40062327682971954","0.35677115122477215","0.043852130882442","0.6979166666666666","0.9375","0.948694258928299","0.5566517412662506","0.39204250772794086","0.052083333333333336","0.0625","1.412202775478363","1.0018090109030406","0.41039373974005383","0.0","0.0"
"0.4417424996693929","0.411702702442805","0.030039793346077204","0.65625","0.9375","1.0226565698782604","0.5957841873168945","0.4268723875284195","0.041666666666666664","0.0625","1.3644904891649883","1.0150046447912853","0.3494858394066493","0.0","0.0"
"0.4070332224170367","0.37992087999979657","0.027112340244154137","0.625","0.9375","0.9395980735619863","0.5479560395081838","0.3916420340538025","0.0625","0.0625","1.3745296796162922","1.0567071636517842","0.31782253583272296","0.0","0.0"
"0.4157530218362808","0.37582266827424365","0.03993036039173603","0.65625","0.9375","0.9203746120134989","0.5225188185771307","0.3978557934363683","0.0625","0.0625","1.3541961510976155","1.037978599468867","0.3162175553540389","0.0","0.0"
"0.3841964801152547","0.34772590547800064","0.03647057463725408","0.7291666666666666","0.9375","0.9453265567620596","0.5456573069095612","0.39966924985249835","0.0625","0.0625","1.206214447816213","0.9533964792887369","0.25281799336274463","0.0","0.0"
"0.4369349181652069","0.3991474161545436","0.037787504494190216","0.6666666666666666","0.9375","0.9308101137479147","0.5344836264848709","0.3963265021642049","0.0625","0.0625","1.2669593294461567","1.0077831745147705","0.2591761623819669","0.0","0.0"
"0.9464363803466161","0.41442325711250305","0.5320131033658981","0.5972222238779068","0.8402777761220932","0.9157350659370422","0.5179331203301748","0.3978019505739212","0.0625","0.0625","1.3362355629603069","1.014619767665863","0.3216157952944438","0.0","0.0"
"0.3895273407300313","0.35406899948914844","0.035458341240882874","0.6979166666666666","0.9375","0.9251915315786997","0.5239312052726746","0.4012603312730789","0.0625","0.0625","1.3023492693901062","0.9992129802703857","0.30313630402088165","0.0","0.0"
"0.42379889885584515","0.37466906011104584","0.04912984340141217","0.6979166666666666","0.9375","0.9230446815490723","0.5151907553275427","0.40785394112269086","0.0625","0.0625","1.5303336381912231","1.0130427479743958","0.5172908852497736","0.0","0.0"
"0.40455202758312225","0.368907352288564","0.0356446731214722","0.6666666666666666","0.9375","0.9367762406667074","0.5283932487169901","0.40838298698266345","0.0625","0.0625","1.2728045185407002","0.9767579038937887","0.2960466146469116","0.0","0.0"
"0.34719444811344147","0.31522124509016675","0.03197319929798444","0.7291666666666666","0.9375","0.9357613821824392","0.5314912299315134","0.4042701721191406","0.0625","0.0625","1.2407565514246623","0.9893403549989065","0.25141623119513196","0.0","0.0"
"0.30851906538009644","0.2706913153330485","0.03782774849484364","0.7916666666666666","0.9375","0.9370214144388834","0.5260867228110632","0.4109346866607666","0.0625","0.0625","1.286340852578481","1.0380269487698872","0.2483139162262281","0.0","0.0"
"0.3804340759913127","0.3360940118630727","0.0443400697161754","0.71875","0.9375","0.9039327303568522","0.5044204592704773","0.39951226611932117","0.0625","0.0625","1.326216200987498","0.9650922417640686","0.3611239790916443","0.0","0.0"
"0.2872612575689952","0.2577746162811915","0.0294866431504488","0.8020833333333334","0.9375","0.9562705457210541","0.5332899540662766","0.4229806065559387","0.0625","0.0625","1.3654298583666484","1.0144286155700684","0.3510012552142143","0.0","0.0"
"0.37848817308743793","0.34546936055024463","0.03301881284763416","0.6770833333333334","0.9375","0.8523900508880615","0.472925141453743","0.37946492433547974","0.052083333333333336","0.0625","1.377265175183614","1.0320205291112263","0.3452446386218071","0.0","0.0"
"0.3763611167669296","0.3461848149696986","0.030176297451059025","0.7604166666666666","0.9375","0.9160702029863993","0.5282301257054011","0.38784007728099823","0.052083333333333336","0.0625","1.423883577187856","1.0838587284088135","0.34002483387788135","0.0","0.0"
"0.6833912233511606","0.3070452958345413","0.3763459278270602","0.71875","0.8402777761220932","0.9019627968470255","0.4860672503709793","0.41589554647604626","0.0625","0.0625","1.3628457983334858","1.0340372224648793","0.32880859325329465","0.0","0.0"
"0.3601066619157791","0.32706358035405475","0.03304308528701464","0.7395833333333334","0.9375","0.877420167128245","0.4928087641795476","0.3846113979816437","0.052083333333333336","0.0625","1.3091323375701904","0.9923725326855978","0.3167598098516464","0.0","0.0"
"0.3715732942024867","0.3433622245987256","0.02821106929332018","0.71875","0.9375","0.9278468986352285","0.5278890132904053","0.39995789527893066","0.0625","0.0625","1.3187210361162822","1.044046441713969","0.2746746117870013","0.0","0.0"
"0.3206792026758194","0.28206640978654224","0.03861279288927714","0.7395833333333334","0.9375","0.9763322174549103","0.5331276059150696","0.4432046115398407","0.052083333333333336","0.0625","1.288065751393636","0.9889756043752035","0.29909010728200275","0.0","0.0"
"0.27528852969408035","0.2464842995007833","0.028804230503737926","0.7708333333333334","0.9375","0.9056318700313568","0.49900464713573456","0.40662722289562225","0.052083333333333336","0.0625","1.38156654437383","1.0355629920959473","0.34600354979435605","0.0","0.0"
"0.39908833305040997","0.36854968468348187","0.030538644874468446","0.6875","0.9375","0.8865799705187479","0.4965461989243825","0.3900337566932042","0.0625","0.0625","1.316930075486501","1.0066483318805695","0.31028177092472714","0.0","0.0"
"0.33314943810304004","0.2995402639110883","0.03360917046666145","0.7708333333333334","0.9375","0.8874196410179138","0.47837816675504047","0.4090414841969808","0.0625","0.0625","1.3629616300264995","1.019656002521515","0.34330563992261887","0.0","0.0"
"0.30109651386737823","0.26493412504593533","0.03616238726923863","0.8020833333333334","0.9375","0.9054114818572998","0.4985336363315582","0.40687784055868786","0.041666666666666664","0.0625","1.3505416711171467","1.033572405576706","0.3169692705074946","0.0","0.0"
"0.31405801077683765","0.27965913092096645","0.03439888016631206","0.7604166666666666","0.9375","0.9138189156850179","0.5011816620826721","0.41263725360234577","0.0625","0.0625","1.321140428384145","1.0437249342600505","0.27741548294822377","0.0","0.0"
"0.3620757758617401","0.3273085641364257","0.034767212656637035","0.7395833333333334","0.9375","0.8774516582489014","0.47334180275599164","0.40410985549290973","0.0625","0.0625","1.3686307867368062","1.0906676451365154","0.27796315029263496","0.0","0.0"
"0.7831925451755524","0.30350544552008313","0.4796871015181144","0.75","0.8402777761220932","0.9244015912214915","0.5115679154793421","0.41283368567625683","0.0625","0.0625","1.2824934522310893","1.0043672521909077","0.27812618389725685","0.0","0.0"
"0.2335332619647185","0.20864934350053468","0.02488392187903325","0.8229166666666666","0.9375","0.8701667487621307","0.47203558186690014","0.3981311668952306","0.0625","0.0625","1.3516408602396648","1.0833765467007954","0.2682643383741379","0.0","0.0"
"0.284040242433548","0.2531180791556835","0.030922161725660164","0.78125","0.9375","0.8852521379788717","0.4815785437822342","0.40367358922958374","0.0625","0.0625","1.3715770840644836","1.0695481499036152","0.3020289291938146","0.0","0.0"
"0.23340211808681488","0.2078386259575685","0.02556349088748296","0.84375","0.9375","0.8790568013985952","0.47224079072475433","0.4068160156408946","0.0625","0.0625","1.2881451447804768","1.0609132051467896","0.22723193218310675","0.0","0.0"
"0.2869991064071655","0.2581942503650983","0.0288048538689812","0.7916666666666666","0.9375","0.8921038707097372","0.5098477254311243","0.382256160179774","0.0625","0.0625","1.3545592824618022","1.0666012565294902","0.2879580433170001","0.0","0.0"
"0.2538143719236056","0.22463122506936392","0.02918314654380083","0.8229166666666666","0.9375","0.8768281837304434","0.4591973175605138","0.4176308512687683","0.0625","0.0625","1.2841269373893738","1.048800786336263","0.2353261113166809","0.0","0.0"
"0.27763288219769794","0.2490815594792366","0.02855132333934307","0.7916666666666666","0.9375","0.8829267919063568","0.4727654755115509","0.4101613014936447","0.0625","0.0625","1.2711315751075745","1.0862629612286885","0.18486860394477844","0.0","0.0"
"0.3246960739294688","0.2932834227879842","0.031412644467006125","0.7708333333333334","0.9375","0.8460583686828613","0.45298247039318085","0.3930759032567342","0.0625","0.0625","1.324100911617279","1.0470323363939922","0.2770685727397601","0.0","0.0"
"0.2963913306593895","0.27182186767458916","0.02456945739686489","0.7916666666666666","0.9375","0.9105599919954935","0.49853719274202984","0.41202281415462494","0.0625","0.0625","1.2788967688878377","1.000241796175639","0.278654970228672","0.0","0.0"
"0.23797991002599397","0.2067177922775348","0.031262114023168884","0.8333333333333334","0.9375","0.9112333456675211","0.5114103655020396","0.3998229702313741","0.0625","0.0625","1.2913151780764263","1.0364539325237274","0.2548612393438816","0.0","0.0"
"0.8420181572437286","0.3315994292497635","0.5104187397907177","0.7013888905445734","0.8402777761220932","0.7942707737286886","0.43671388924121857","0.35755689938863117","0.0625","0.0625","1.2710930307706196","1.045760691165924","0.22533234022557735","0.0","0.0"
"0.24337095518906912","0.20580565060178438","0.03756530241419872","0.8229166666666666","0.9375","0.909673810005188","0.4981522411108017","0.4115215639273326","0.0625","0.0625","1.2917583386103313","1.0735572377840679","0.21820109089215597","0.0","0.0"
"0.23981525376439095","0.21139414981007576","0.028421102091670036","0.8333333333333334","0.9375","0.901371012131373","0.48665621876716614","0.41471480826536816","0.0625","0.0625","1.3231090505917866","1.0720950762430828","0.25101397683223087","0.0","0.0"
"0.2822496021787326","0.25121230880419415","0.03103729523718357","0.7916666666666666","0.9375","0.8772177298863729","0.475419541200002","0.40179819365342456","0.0625","0.0625","1.3791885177294414","1.072870632012685","0.306317870815595","0.0","0.0"
"0.2591433847943942","0.22538448870182037","0.03375889454036951","0.8333333333333334","0.9375","0.880168596903483","0.49007006486256915","0.3900985320409139","0.0625","0.0625","1.2945123712221782","1.106480558713277","0.18803181312978268","0.0","0.0"
"0.26169976343711215","0.23471719771623611","0.026982564323892195","0.8020833333333334","0.9375","0.8585953116416931","0.4567554444074631","0.40183988213539124","0.0625","0.0625","1.4253686666488647","1.0915488004684448","0.33381985624631244","0.0","0.0"
"0.264509749909242","0.23566515247027078","0.028844596662869055","0.7916666666666666","0.9375","0.8909884889920553","0.481294905145963","0.40969358881314594","0.0625","0.0625","1.425135850906372","1.1150161822636921","0.3101196736097336","0.0","0.0"
"0.22889056553443274","0.1981723209222158","0.0307182464748621","0.8229166666666666","0.9375","0.9066177507241567","0.4834693471590678","0.4231484035650889","0.0625","0.0625","1.4268083771069844","1.117590606212616","0.30921779076258343","0.0","0.0"
"0.24693744629621506","0.2194179023305575","0.027519541171689827","0.8333333333333334","0.9375","0.8232340315977732","0.444088747104009","0.3791452844937642","0.0625","0.0625","1.3553927938143413","1.1346888343493144","0.22070396691560745","0.0","0.0"
"0.23629412055015564","0.2073076143860817","0.02898650678495566","0.8229166666666666","0.9375","0.8702372709910074","0.47740720212459564","0.39283006886641186","0.0625","0.0625","1.4277691046396892","1.117616852124532","0.31015224754810333","0.0","0.0"
"0.7151445522904396","0.2140960954129696","0.5010485077897707","0.7534722238779068","0.8402777761220932","0.8888855477174123","0.4855424016714096","0.4033431460460027","0.0625","0.0625","1.4597492814064026","1.1262147426605225","0.33353452384471893","0.0","0.0"
"0.26055635263522464","0.2406169573465983","0.019939396530389786","0.7916666666666666","0.9375","0.870786984761556","0.4695399949947993","0.40124698479970294","0.0625","0.0625","1.5043724576632183","1.1543136437733967","0.3500588337580363","0.0","0.0"
"0.2594931075970332","0.21787388250231743","0.041619230061769485","0.8229166666666666","0.9375","0.8754376073678335","0.48108184337615967","0.39435575902462006","0.0625","0.0625","1.3552850484848022","1.103040059407552","0.2522449704507987","0.0","0.0"
"0.1866584693392118","0.15573236594597498","0.030926107273747522","0.875","0.9375","0.9255467553933462","0.4981636603673299","0.42738308012485504","0.0625","0.0625","1.4103951851526897","1.1377236048380535","0.27267157783110935","0.0","0.0"
"0.23309427623947462","0.19951232026020685","0.033581955513606467","0.8229166666666666","0.9375","0.9250516593456268","0.5039702753225962","0.42108137905597687","0.0625","0.0625","1.4741615454355876","1.126604159673055","0.3475574105978012","0.0","0.0"
"0.20998707165320715","0.18201860785484314","0.027968462246159714","0.84375","0.9375","0.8377376198768616","0.43715833624204","0.4005792836348216","0.0625","0.0625","1.4233736594518025","1.1507102052370708","0.27266347656647366","0.0","0.0"
"0.17462385818362236","0.15530964732170105","0.019314210085819166","0.875","0.9375","0.8767358660697937","0.461797093351682","0.4149387776851654","0.0625","0.0625","1.4574369390805562","1.158296008904775","0.29914094259341556","0.0","0.0"
"0.28483088066180545","0.250113586584727","0.0347172940770785","0.8020833333333334","0.9375","0.9439158240954081","0.5244153092304865","0.4195005049308141","0.0625","0.0625","1.3816909392674763","1.1006404956181843","0.2810504486163457","0.0","0.0"
"0.25879061470429104","0.22812562435865402","0.030664986309905846","0.8020833333333334","0.9375","0.9379905462265015","0.5127570678790411","0.4252334882815679","0.0625","0.0625","1.3888151248296101","1.0891264081001282","0.29968870679537457","0.0","0.0"
"0.311802717546622","0.27451229592164356","0.03729042178019881","0.75","0.9375","0.8702433506647745","0.4696523994207382","0.4005909512440364","0.0625","0.0625","1.3341301282246907","1.0621622502803802","0.27196787173549336","0.0","0.0"
